{"type":"FeatureCollection","features":[{"type":"Feature","id":"dominio_publico_maritimo_terrestre.fid--5635244b_1a0dee0381f_60ca","geometry":{"type":"LineString","coordinates":[[780685.4747,4292065.1057],[780671.8202,4292070.4491],[780668.6256,4292071.401],[780665.3172,4292071.8089],[780663.3215,4292073.9936],[780661.0252,4292075.8597],[780658.4788,4292077.3666],[780655.7379,4292078.4814],[780652.8624,4292079.1794],[780650.6484,4292081.7506],[780648.0315,4292083.9105],[780645.0873,4292085.5969],[780641.9003,4292086.7613],[780638.5624,4292087.3703],[780635.4016,4292087.6731],[780635.3564,4292090.6764],[780628.9466,4292095.1165],[780628.0866,4292096.5565],[780628.4366,4292098.3965],[780625.4866,4292101.9966],[780623.0467,4292102.3966],[780621.8367,4292101.2866],[780617.5868,4292101.5067],[780611.9569,4292104.6467],[780606.0571,4292103.4168],[780602.2972,4292104.0368],[780594.7474,4292103.9869],[780591.1575,4292102.377],[780584.5077,4292097.237],[780581.3978,4292093.747],[780579.9699,4292092.9838],[780560.3952,4292094.8592],[780557.2121,4292094.9096],[780554.0614,4292094.4543],[780551.0229,4292093.5049],[780548.1735,4292092.0853],[780521.0221,4292103.2486],[780517.9517,4292104.2302],[780514.7635,4292104.7056],[780511.5403,4292104.6627],[780508.3659,4292104.1026],[780503.7631,4292102.9011],[780492.9316,4292106.9396],[780493.5299,4292111.2581],[780496.8797,4292130.0481],[780476.55,4292137.6567],[780474.8903,4292134.4584],[780473.1303,4292131.9084],[780471.4604,4292129.4684],[780468.3805,4292124.4484],[780464.4406,4292117.3584],[780461.7007,4292111.6384],[780461.3662,4292110.8721],[780452.8486,4292115.1891],[780450.195,4292116.302],[780447.7638,4292116.9542],[780445.2699,4292117.2959],[780417.1292,4292119.3593],[780413.8834,4292119.3333],[780410.6846,4292118.7824],[780407.617,4292117.7213],[780404.7615,4292116.178],[780402.1932,4292114.1931],[780399.9799,4292111.8189],[780397.2058,4292108.3108],[780377.8897,4292090.251],[780373.5944,4292090.1425],[780364.0757,4292091.2095],[780361.0782,4292091.3192],[780358.098,4292090.9793],[780355.2022,4292090.1976],[780317.7189,4292076.9915],[780316.234,4292076.4007],[780259.8924,4292051.3301],[780257.0528,4292049.7802],[780254.5002,4292047.7927],[780252.3015,4292045.4195],[780250.5142,4292042.723],[780249.1849,4292039.7735],[780227.7054,4291979.5203],[780211.0311,4291932.5528],[780197.0823,4291934.2684],[780195.7379,4291935.5805],[780192.1479,4291942.4506],[780186.538,4291953.2707],[780185.508,4291955.2707],[780183.3581,4291961.1408],[780173.7442,4291957.344],[780155.5618,4291952.7776],[780147.5092,4291948.5839],[780140.6312,4291943.551],[780137.1083,4291938.1827],[780120.836,4291917.1637],[780118.9996,4291912.4416],[780117.5712,4291909.6977],[780118.389,4291909.3435],[780102.4254,4291894.9178],[780100.3429,4291892.6804],[780098.6258,4291890.1518],[780097.314,4291887.3911],[780095.0318,4291888.7657],[780092.587,4291889.8247],[780090.0233,4291890.5496],[780077.5808,4291893.1381],[780074.591,4291896.0817],[780078.1809,4291902.0817],[780076.2509,4291903.3717],[780064.3112,4291906.4618],[780056.2414,4291907.8119],[780053.4915,4291907.4719],[780049.6215,4291908.722],[780046.1916,4291910.912],[780044.2247,4291909.6063],[780041.9893,4291909.3283],[780014.3308,4291909.8194],[779980.6632,4291908.2127],[779979.0133,4291908.1927],[779969.6335,4291908.6829],[779968.2236,4291908.8029],[779965.4636,4291909.3029],[779964.1237,4291909.5429],[779960.0638,4291910.273],[779955.2039,4291911.673],[779951.7739,4291912.8931],[779945.6141,4291914.7731],[779937.6443,4291919.0332],[779933.8744,4291921.3633],[779930.9844,4291922.6433],[779924.8646,4291924.5634],[779917.3848,4291927.5235],[779912.6549,4291929.0236],[779908.825,4291930.1736],[779905.865,4291931.0836],[779902.2251,4291931.9437],[779897.6952,4291932.2437],[779893.8853,4291932.0538],[779889.3154,4291930.1538],[779886.1355,4291929.3539],[779882.5256,4291928.3939],[779878.7257,4291927.8339],[779875.3558,4291927.614],[779852.1941,4291923.5794],[779853.7048,4291919.4519],[779858.412,4291906.5896],[779847.2121,4291905.1193],[779844.3364,4291904.5243],[779841.579,4291903.5147],[779838.9991,4291902.1121],[779836.6523,4291900.3469],[779834.5894,4291898.257],[779830.1521,4291893.0465],[779822.9582,4291888.0273],[779820.4532,4291885.9578],[779818.3164,4291883.5099],[779816.6043,4291880.7483],[779814.4146,4291876.4769],[779808.2998,4291875.3959],[779805.9144,4291874.8214],[779803.6172,4291873.9591],[779801.4429,4291872.8219],[779761.909,4291848.9484],[779761.7419,4291848.9311],[779761.6899,4291848.9763],[779759.1313,4291850.8614],[779756.3064,4291852.3173],[779753.2865,4291853.3074],[779750.148,4291853.8067],[779746.9701,4291853.8025],[779743.8328,4291853.2949],[779740.8156,4291852.2969],[779726.565,4291846.2884],[779724.518,4291845.2842],[779722.5986,4291844.0536],[779694.0781,4291823.3832],[779691.7963,4291821.4536],[779689.8274,4291819.2056],[779688.2153,4291816.6892],[779686.9962,4291813.9607],[779684.4147,4291806.7862],[779678.8406,4291803.1369],[779676.2239,4291801.0946],[779673.981,4291798.6476],[779663.0265,4291784.4983],[779661.3822,4291782.0115],[779660.1259,4291779.3079],[779659.2853,4291776.4476],[779658.8793,4291773.4941],[779658.9168,4291770.513],[779659.4206,4291764.7484],[779656.9414,4291757.5107],[779652.8525,4291755.0658],[779650.4664,4291753.3915],[779648.3489,4291751.3882],[779638.17,4291740.2431],[779636.5012,4291738.1504],[779635.1267,4291735.8534],[779634.0713,4291733.3935],[779626.7538,4291712.5953],[779618.6819,4291703.6535],[779617.1184,4291701.686],[779615.8142,4291699.5379],[779598.5865,4291666.6747],[779596.1559,4291664.6055],[779583.2035,4291659.4263],[779580.6072,4291658.1637],[779578.2199,4291656.5405],[779576.091,4291654.5905],[779574.2652,4291652.3543],[779572.2129,4291649.4335],[779538.7945,4291642.8352],[779535.7455,4291641.9776],[779532.8701,4291640.6493],[779530.2406,4291638.8837],[779527.9227,4291636.7251],[779525.9746,4291634.2276],[779524.4454,4291631.4539],[779523.3731,4291628.4735],[779522.7847,4291625.3612],[779520.6358,4291605.4591],[779520.5282,4291602.7466],[779520.7889,4291600.0444],[779521.4131,4291597.4025],[779527.092,4291579.0404],[779508.2303,4291572.713],[779505.7855,4291571.7088],[779503.4946,4291570.3909],[779501.3976,4291568.7824],[779499.5308,4291566.9115],[779496.4335,4291563.3667],[779493.7967,4291562.5403],[779491.2989,4291561.3585],[779482.9081,4291556.6527],[779480.7578,4291555.2584],[779478.8033,4291553.6008],[779478.5628,4291553.3686],[779476.1124,4291554.9791],[779476.2467,4291557.2709],[779476.2439,4291559.6569],[779475.957,4291562.0256],[779475.39,4291564.3433],[779472.1365,4291574.8764],[779470.8498,4291578.049],[779469.041,4291580.9555],[779469.3925,4291582.4028],[779469.8299,4291584.8666],[779471.6578,4291600.9623],[779471.7824,4291602.8615],[779471.9734,4291613.5371],[779473.6814,4291625.0472],[779473.8981,4291627.9688],[779473.6856,4291630.8907],[779471.3665,4291646.6729],[779470.786,4291649.3413],[779469.8474,4291651.9057],[779468.5683,4291654.3184],[779466.9724,4291656.5343],[779460.0385,4291664.8937],[779457.7627,4291667.2222],[779455.1392,4291669.1507],[779452.2376,4291670.6278],[779449.1348,4291671.6145],[779441.4572,4291673.3831],[779438.8491,4291679.6201],[779437.3164,4291682.5695],[779435.3164,4291685.2244],[779432.9044,4291687.5113],[779430.1468,4291689.3672],[779427.12,4291690.7407],[779423.9076,4291691.594],[779420.5982,4291691.9033],[779430.0073,4291702.8477],[779428.2373,4291703.7277],[779425.4374,4291706.4878],[779423.8174,4291708.2378],[779422.0275,4291711.3778],[779420.4975,4291715.6579],[779419.5575,4291720.1679],[779419.8375,4291724.9179],[779420.3575,4291727.5579],[779422.3574,4291732.6979],[779424.5074,4291736.5279],[779428.1273,4291742.8479],[779431.6772,4291747.6879],[779434.4171,4291751.2779],[779437.967,4291754.9979],[779442.1869,4291758.8078],[779447.5667,4291763.5978],[779453.1166,4291767.9178],[779458.8064,4291768.8177],[779466.8562,4291769.9176],[779472.1661,4291773.8976],[779479.7659,4291782.8875],[779484.3603,4291789.5247],[779477.5166,4291833.1134],[779476.2392,4291841.2419],[779473.4184,4291859.5876],[779467.5204,4291883.1678],[779460.9486,4291906.5692],[779458.2358,4291918.2174],[779458.1084,4291920.1265],[779465.7736,4291962.1607],[779463.8005,4291961.682],[779460.4813,4291961.1224],[779457.0021,4291960.9226],[779448.465,4291961.2001],[779441.4264,4291961.4001],[779438.5071,4291961.1603],[779414.6605,4291956.5253],[779410.0572,4291955.4477],[779403.3018,4291953.4142],[779381.4254,4291945.9478],[779393.5614,4292015.9168],[779393.0432,4292018.8858],[779392.0847,4292021.7431],[779390.7079,4292024.4241],[779388.9438,4292026.8677],[779386.8326,4292029.0185],[779384.4221,4292030.8276],[779353.2408,4292050.7446],[779324.1755,4292068.9481],[779330.559,4292078.2606],[779328.339,4292079.8706],[779327.449,4292080.6506],[779326.3191,4292081.8307],[779323.7691,4292084.6707],[779322.3591,4292086.3007],[779320.7292,4292088.5107],[779319.1692,4292090.7708],[779317.0593,4292093.9108],[779315.0893,4292097.1908],[779313.5893,4292100.2309],[779312.2894,4292103.4109],[779311.0694,4292107.1109],[779309.9994,4292110.861],[779309.0894,4292114.471],[779308.3194,4292118.121],[779307.7694,4292121.711],[779307.2894,4292125.3511],[779306.7794,4292129.1411],[779306.2895,4292132.8911],[779305.7356,4292136.5011],[779304.1895,4292144.5312],[779303.3995,4292148.4012],[779302.5051,4292152.718],[779294.0979,4292151.5776],[779285.8176,4292149.7287],[779277.7239,4292147.1845],[779269.875,4292143.9634],[779262.3273,4292140.0885],[779255.1353,4292135.5877],[779248.3508,4292130.4935],[779242.0224,4292124.8425],[779236.1958,4292118.6753],[779230.913,4292112.0363],[779226.2119,4292104.9736],[779213.8899,4292084.6408],[779200.6268,4292066.6763],[779184.3603,4292057.2946],[779170.7379,4292061.2188],[779162.2355,4292063.27],[779153.5863,4292064.5705],[779144.8566,4292065.1101],[779136.1131,4292064.8848],[779127.4229,4292063.8963],[779118.8522,4292062.1523],[779088.3576,4292066.9916],[779084.3451,4292061.3732],[779078.0953,4292053.8632],[779058.0158,4292063.2735],[779038.2063,4292072.7938],[779032.8564,4292075.3838],[779031.7778,4292075.8934],[779023.286,4292076.5381],[779014.7701,4292076.458],[779006.2921,4292075.6535],[778997.9132,4292074.1305],[778989.6942,4292071.9002],[778981.6949,4292068.9784],[778983.6876,4292065.9443],[778984.1876,4292065.0743],[778986.0476,4292061.8843],[778987.3376,4292057.0142],[778987.8676,4292054.8542],[778988.646,4292051.1581],[778991.5162,4292042.2368],[778991.7566,4292038.1137],[778991.573,4292035.5662],[778990.8211,4292032.8211],[778989.7347,4292030.7455],[778988.1612,4292028.4576],[778982.3977,4292022.4941],[778979.1278,4292020.0841],[778974.7131,4292017.0244],[778970.017,4292014.4173],[778965.0451,4292012.3321],[778959.8593,4292010.8573],[778954.5344,4292010.014],[778949.1466,4292009.8146],[778943.7738,4292010.2617],[778927.2935,4292012.6352],[778885.2102,4292020.8552],[778876.0204,4292027.9053],[778874.5804,4292029.0353],[778868.8106,4292030.1554],[778862.2907,4292031.4155],[778855.2309,4292032.6155],[778850.001,4292033.6556],[778841.5512,4292032.8157],[778821.6017,4292030.2159],[778811.4039,4292026.7392],[778775.2608,4292013.3752],[778773.5608,4292013.8695],[778771.8236,4292014.2117],[778760.6343,4292015.9047],[778746.5149,4292019.4818],[778734.7435,4292024.9857],[778732.0392,4292026.019],[778729.2141,4292026.6509],[778726.3273,4292026.8683],[778723.4395,4292026.6667],[778720.611,4292026.0503],[778703.4123,4292020.9736],[778701.6119,4292020.3476],[778676.9257,4292010.4196],[778668.9962,4292010.8525],[778665.8413,4292010.7754],[778662.7377,4292010.2029],[778659.7629,4292009.1494],[778641.8706,4292001.173],[778638.9737,4291999.5826],[778636.3784,4291997.5369],[778634.1553,4291995.0918],[778632.3652,4291992.314],[778631.0569,4291989.2792],[778628.9955,4291983.1469],[778626.5315,4291982.7913],[778624.2257,4291982.3186],[778621.9916,4291981.5783],[778612.8616,4291977.9441],[778597.6935,4291976.7488],[778594.6908,4291976.2805],[778591.7935,4291975.3626],[778574.7952,4291968.5169],[778555.5324,4291987.0678],[778552.9743,4291989.1532],[778550.1082,4291990.7896],[778547.0118,4291991.9323],[778543.7698,4291992.5501],[778526.7228,4291994.3591],[778527.629,4291997.5188],[778528.179,4292000.4988],[778528.289,4292003.6888],[778525.3591,4292022.679],[778536.8588,4292029.1389],[778544.8386,4292033.5389],[778543.8487,4292040.799],[778543.8087,4292047.419],[778544.1686,4292056.4291],[778545.3986,4292064.6491],[778546.6931,4292072.6894],[778510.9871,4292076.4783],[778505.6653,4292076.8998],[778500.4454,4292061.4745],[778489.6942,4292027.6598],[778459.3467,4292023.2632],[778424.5575,4291964.9499],[778423.6156,4291962.071],[778422.7914,4291959.6888],[778421.9192,4291957.3237],[778420.9994,4291954.9767],[778420.0325,4291952.6488],[778419.0187,4291950.3409],[778417.9584,4291948.054],[778416.8522,4291945.7889],[778415.7005,4291943.5466],[778414.5036,4291941.328],[778413.2622,4291939.1341],[778411.9767,4291936.9658],[778410.6477,4291934.8238],[778409.2757,4291932.7092],[778407.8612,4291930.6227],[778406.4048,4291928.5652],[778404.9073,4291926.5375],[778403.369,4291924.5405],[778401.7907,4291922.575],[778400.1731,4291920.6418],[778398.5167,4291918.7417],[778396.8222,4291916.8754],[778395.0904,4291915.0437],[778393.3219,4291913.2474],[778391.5176,4291911.4872],[778389.678,4291909.7639],[778387.8039,4291908.078],[778385.8962,4291906.4303],[778383.9556,4291904.8215],[778381.9829,4291903.2523],[778379.9789,4291901.7232],[778377.9444,4291900.2349],[778375.8803,4291898.7881],[778373.7873,4291897.3832],[778371.6664,4291896.0209],[778369.5184,4291894.7018],[778367.3441,4291893.4263],[778365.1446,4291892.195],[778364.5557,4291891.8807],[778358.4031,4291888.7711],[778351.4666,4291885.7619],[778341.8529,4291890.8091],[778335.2531,4291871.0928],[778332.4409,4291871.5782],[778329.5884,4291871.6584],[778326.7535,4291871.3318],[778323.9938,4291870.605],[778282.6753,4291856.5017],[778280.7745,4291855.7421],[778250.0329,4291841.5938],[778247.3528,4291840.1015],[778236.9159,4291833.1907],[778234.3271,4291831.1508],[778232.1085,4291828.7135],[778230.3203,4291825.945],[778229.0111,4291822.9202],[778228.2164,4291819.7216],[778225.8326,4291805.0465],[778225.6769,4291804.627],[778168.8856,4291779.139],[778166.2057,4291777.6812],[778163.7788,4291775.8329],[778161.6611,4291773.6369],[778159.9021,4291771.1443],[778158.5428,4291768.4132],[778149.9531,4291747.2473],[778149.116,4291744.7099],[778148.6245,4291742.0836],[778148.4875,4291739.4153],[778148.7075,4291736.7525],[778149.5439,4291731.1898],[778148.8613,4291728.9546],[778148.7748,4291728.9227],[778136.4014,4291727.237],[778133.4071,4291726.5924],[778130.5465,4291725.4981],[778127.8864,4291723.9799],[778125.4894,4291722.0732],[778123.4115,4291719.8229],[778121.7018,4291717.2817],[778083.3467,4291649.6077],[778042.1839,4291623.4479],[778040.3134,4291622.2591],[778038.0176,4291620.5582],[778035.9875,4291618.5475],[778034.2646,4291616.2679],[778032.8843,4291613.7662],[778031.8745,4291611.0932],[778030.49,4291606.4491],[778028.2231,4291608.4632],[778024.1342,4291615.8408],[778024.2844,4291619.0991],[778023.9029,4291622.3384],[778023.0001,4291625.4726],[778018.5759,4291637.1518],[778017.5008,4291639.5143],[778016.1288,4291641.7177],[778014.483,4291643.725],[777993.9148,4291665.7273],[777991.6872,4291667.775],[777989.1762,4291669.4632],[777986.4392,4291670.7533],[777983.5389,4291671.6159],[777966.7931,4291675.2433],[777963.7758,4291675.6595],[777935.91,4291677.3578],[777913.0419,4291678.7515],[777909.8553,4291678.6913],[777906.7188,4291678.1256],[777903.7119,4291677.0689],[777900.9111,4291675.548],[777884.2688,4291664.7095],[777865.0107,4291659.6728],[777867.0427,4291682.5723],[777861.8874,4291682.925],[777852.3388,4291686.378],[777844.7972,4291690.2534],[777842.5998,4291692.7356],[777842.6214,4291693.9901],[777808.0982,4291691.1139],[777809.5074,4291709.2228],[777780.0681,4291715.6888],[777774.6683,4291718.478],[777768.1289,4291713.6081],[777762.008,4291708.2216],[777756.3462,4291702.3544],[777751.1813,4291696.0453],[777746.5474,4291689.3364],[777742.4756,4291682.2724],[777738.9928,4291674.9001],[777736.1222,4291667.2685],[777733.8827,4291659.4284],[777731.4128,4291649.2231],[777729.879,4291641.6004],[777728.9421,4291633.8817],[777728.6077,4291626.1134],[777728.8779,4291618.3428],[777729.751,4291610.6165],[777731.2216,4291602.9815],[777725.7948,4291596.304],[777720.9621,4291589.1848],[777716.7591,4291581.6765],[777713.2173,4291573.8347],[777710.3627,4291565.7173],[777708.2862,4291557.7111],[777706.8785,4291549.5605],[777706.1491,4291541.3216],[777706.1031,4291533.0505],[777706.7408,4291524.8039],[777708.0577,4291516.6382],[777710.0451,4291508.6094],[777712.689,4291500.7721],[777715.9715,4291493.1802],[777719.8703,4291485.8856],[777724.3585,4291478.9381],[777727.857,4291472.1064],[777731.8692,4291465.563],[777736.3715,4291459.3467],[777741.4776,4291448.0092],[777745.0546,4291440.8472],[777749.193,4291433.9943],[777759.7989,4291417.9229],[777764.3919,4291411.5259],[777769.4739,4291405.5103],[777775.0136,4291399.9132],[777781.6593,4291393.7075],[777786.8416,4291389.192],[777792.3217,4291385.0428],[777798.0737,4291381.2798],[777804.0705,4291377.9204],[777810.2377,4291368.9549],[777815.7913,4291362.3624],[777815.8525,4291354.1837],[777816.5818,4291346.0373],[777817.9742,4291337.9778],[777820.0207,4291330.059],[777822.7073,4291322.3339],[777826.0163,4291314.8542],[777829.9253,4291307.6699],[777834.4083,4291300.8291],[777839.4353,4291294.3775],[777844.9727,4291288.3582],[777850.9833,4291282.8115],[777855.555,4291278.9268],[777861.9504,4291273.9248],[777868.7306,4291269.4582],[777875.8507,4291265.5564],[777883.2638,4291262.2451],[777890.9212,4291259.546],[777898.7722,4291257.4771],[777906.7653,4291256.052],[777914.8476,4291255.28],[777934.3631,4291254.213],[777947.2844,4291241.2695],[777909.14,4291240.1048],[777882.6022,4291239.2949],[777873.8202,4291238.6391],[777865.1302,4291237.213],[777856.5992,4291235.0279],[777848.2937,4291232.1007],[777840.2777,4291228.4542],[777792.5279,4291204.1399],[777772.8856,4291194.1349],[777765.9536,4291190.2498],[777759.3521,4291185.8264],[777753.1226,4291180.8929],[777747.3045,4291175.4803],[777741.9346,4291169.6228],[777705.659,4291126.7516],[777700.4419,4291131.6818],[777694.8847,4291136.2251],[777689.0158,4291140.358],[777682.8656,4291144.0593],[777616.5337,4291180.8025],[777608.9231,4291184.6045],[777601.017,4291187.7459],[777592.8724,4291190.2038],[777584.5484,4291191.9606],[777576.1052,4291193.0034],[777567.6039,4291193.3248],[777559.106,4291192.9225],[777550.6732,4291191.7993],[777542.3662,4291189.9633],[777536.1689,4291188.0975],[777530.1053,4291185.8347],[777477.7599,4291164.3462],[777440.0875,4291148.8815],[777412.8893,4291147.7418],[777404.4451,4291147.0286],[777396.0916,4291145.6029],[777387.8888,4291143.4751],[777379.8956,4291140.6604],[777372.1694,4291137.179],[777364.7657,4291133.0559],[777357.7377,4291128.3208],[777351.1358,4291123.0076],[777345.0075,4291117.1545],[777339.3968,4291110.8036],[777334.3438,4291104.0004],[777325.3026,4291090.6834],[777320.7421,4291083.2951],[777316.8396,4291075.539],[777313.6246,4291067.4737],[777311.1213,4291059.1599],[777305.827,4291038.3424],[777304.8086,4291033.9205],[777303.9919,4291029.457],[777301.2351,4291012.1852],[777289.4635,4291013.0343],[777280.9996,4291013.2854],[777272.5449,4291012.8194],[777264.1598,4291011.6399],[777240.8973,4291010.0175],[777232.4285,4291009.0628],[777224.0718,4291007.3904],[777215.8878,4291005.0127],[777207.9359,4291001.9466],[777200.274,4290998.2145],[777174.2395,4290984.1302],[777166.7109,4290979.6195],[777159.6068,4290974.466],[777152.982,4290968.7094],[777146.4281,4290965.2521],[777140.1484,4290961.319],[777134.1771,4290956.9315],[777128.5471,4290952.1141],[777123.2892,4290946.8929],[777069.9487,4290889.847],[777062.0897,4290881.4407],[777053.9302,4290881.3363],[777045.8066,4290880.5669],[777037.7725,4290879.1379],[777029.8818,4290877.0584],[777022.1869,4290874.3425],[777014.7391,4290871.0082],[777007.5879,4290867.0777],[777000.781,4290862.5773],[776994.3636,4290857.5368],[776988.3786,4290851.9899],[776982.8658,4290845.9733],[776953.6913,4290811.4014],[776949.7529,4290806.4219],[776946.1383,4290801.2025],[776928.2966,4290773.6065],[776922.5845,4290770.2833],[776915.6375,4290768.234],[776909.2627,4290769.6976],[776900.4739,4290771.3057],[776891.5766,4290772.1228],[776882.642,4290772.1427],[776873.7411,4290771.3648],[776864.9452,4290769.7956],[776856.3246,4290767.4475],[776847.9479,4290764.3392],[776839.8821,4290760.4957],[776832.1916,4290755.9476],[776824.9376,4290750.7311],[776798.0635,4290729.5215],[776795.3972,4290727.3416],[776793.3363,4290729.8957],[776787.5626,4290736.4443],[776781.2399,4290742.4642],[776774.4162,4290747.9098],[776767.1436,4290752.7394],[776759.4774,4290756.9163],[776751.4762,4290760.4086],[776743.2007,4290763.1897],[776734.7144,4290765.2384],[776726.0816,4290766.5391],[776717.3684,4290767.0819],[776708.641,4290766.8627],[776699.966,4290765.883],[776691.4094,4290764.1504],[776683.0366,4290761.6781],[776674.9113,4290758.4849],[776667.0955,4290754.5952],[776604.4781,4290719.9431],[776541.7622,4290685.2533],[776535.016,4290681.1665],[776528.6131,4290676.5606],[776522.5931,4290671.4643],[776516.9933,4290665.9095],[776511.8488,4290659.9307],[776507.1916,4290653.565],[776503.0505,4290646.8519],[776499.4513,4290639.8334],[776459.0519,4290552.7595],[776422.7394,4290474.1966],[776405.208,4290449.8339],[776400.8391,4290443.2253],[776397.007,4290436.2917],[776393.7358,4290429.0765],[776391.0459,4290421.6248],[776388.9544,4290413.9838],[776387.4742,4290406.2011],[776386.6147,4290398.3258],[776384.3911,4290366.1885],[776383.3679,4290351.4016],[776368.3868,4290321.7343],[776365.0318,4290314.3625],[776362.2842,4290306.7434],[776360.1623,4290298.9269],[776358.6798,4290290.9643],[776351.2922,4290288.5461],[776344.1145,4290285.5614],[776337.1905,4290282.0281],[776330.5618,4290277.9676],[776324.2685,4290273.4045],[776318.3486,4290268.3664],[776312.838,4290262.8836],[776256.7553,4290202.5695],[776251.8527,4290196.883],[776247.3905,4290190.8447],[776243.3939,4290184.4887],[776234.2158,4290168.6383]]},"geometry_name":"shape","properties":{"layer":"0805DPMT","idtramo":3006,"provincia":"Alicante","referencia":"DES01/08/03/0001","tm":"Jávea","estado":"A","om":"2011-04-04Z","sit_admin":"Aprobado (O.M. 05/04/2011)","tipo_linea":"Límite SP aprobada","label":"DES01/08/03/0001 (O.M. 05/04/2011)","figura":null,"id_segment":"3006001","vertices":"SI","shape_leng":7547.38858408},"bbox":[776234.2158,4290168.6383,780685.4747,4292152.718]},{"type":"Feature","id":"dominio_publico_maritimo_terrestre.fid--5635244b_1a0dee0381f_60cb","geometry":{"type":"LineString","coordinates":[[780664.5323,4292051.8243],[780702.7982,4292036.8496],[780761.8196,4292012.0946],[780768.9526,4292009.105],[780796.6701,4291997.4818],[780863.1471,4291974.6002],[780864.443,4291975.7778],[780878.0265,4291988.1271],[780862.506,4292005.2824],[780853.9998,4292014.688],[780840.4352,4292029.6857],[780822.6946,4292089.498],[780816.8947,4292112.4936],[780814.9035,4292120.382]]},"geometry_name":"shape","properties":{"layer":"0803DPMT","idtramo":3006,"provincia":"Alicante","referencia":"DES01/08/03/0001","tm":"Jávea","estado":"A","om":"2011-04-04Z","sit_admin":"Aprobado (O.M. 05/04/2011)","tipo_linea":"Límite RM aprobada","label":"DES01/08/03/0001 (O.M. 05/04/2011)","figura":null,"id_segment":"3006002","vertices":"SI","shape_leng":383.575219325},"bbox":[780664.5323,4291974.6002,780878.0265,4292120.382]},{"type":"Feature","id":"dominio_publico_maritimo_terrestre.fid--5635244b_1a0dee0381f_60cc","geometry":{"type":"LineString","coordinates":[[780545.4931,4294474.3598],[780556.8047,4294441.8707],[780563.0429,4294431.6535],[780575.5194,4294426.6113],[780592.2431,4294428.0706],[780614.1432,4294433.6432],[780637.1806,4294425.5304],[780659.8771,4294422.8763],[780676.366,4294431.923],[780708.4835,4294448.3888],[780722.315,4294462.7787],[780747.8808,4294485.786],[780764.7783,4294503.1884],[780772.6173,4294540.753],[780776.5591,4294570.5763],[780781.3178,4294593.6856],[780778.6881,4294604.384],[780774.2646,4294612.3107],[780768.0329,4294637.5965],[780754.4946,4294652.9885],[780755.2968,4294663.4213],[780772.2312,4294670.8249],[780776.3337,4294681.0193],[780765.7845,4294689.3391],[780771.4107,4294701.9943],[780753.6925,4294711.1689],[780750.8795,4294714.6843],[780745.722,4294712.8095],[780736.0821,4294719.399],[780732.7618,4294724.6286],[780725.7541,4294725.2014],[780719.4,4294728.8662],[780714.3493,4294728.5405],[780703.7442,4294735.4488],[780682.8045,4294741.5404],[780644.7046,4294728.8631],[780621.5557,4294729.2857],[780604.0083,4294717.5614],[780587.185,4294700.7588],[780587.3433,4294686.1817],[780588.5266,4294675.5466],[780588.31,4294660.9594],[780573.7876,4294635.7171],[780562.8718,4294609.048],[780559.9085,4294592.6934],[780558.5085,4294577.9483],[780569.1013,4294554.1745],[780563.8894,4294530.3362],[780552.6435,4294495.2849],[780545.4931,4294474.3598]]},"geometry_name":"shape","properties":{"layer":"0801DPMT","idtramo":3006,"provincia":"Alicante","referencia":"DES01/08/03/0001","tm":"Jávea","estado":"A","om":"2011-04-04Z","sit_admin":"Aprobado (O.M. 05/04/2011)","tipo_linea":"Límite DPMT aprobado","label":"DES01/08/03/0001 (O.M. 05/04/2011)","figura":"Isleta 2","id_segment":"3006003","vertices":"SI","shape_leng":954.389568372},"bbox":[780545.4931,4294422.8763,780781.3178,4294741.5404]},{"type":"Feature","id":"dominio_publico_maritimo_terrestre.fid--5635244b_1a0dee0381f_60cd","geometry":{"type":"LineString","coordinates":[[778577.1996,4295246.6886],[778567.5589,4295232.6298],[778565.9134,4295229.7497],[778564.7665,4295226.6373],[778564.1499,4295223.378],[778564.0803,4295220.0617],[778564.5599,4295216.7795],[778565.5752,4295213.6217],[778567.0986,4295210.6751],[778569.088,4295208.0209],[778571.4887,4295205.7319],[778574.2347,4295203.8713],[778577.2504,4295202.4901],[778588.228,4295198.5269],[778599.8683,4295188.4908],[778602.1524,4295186.7893],[778604.655,4295185.4294],[778607.3255,4295184.4389],[778610.1095,4295183.8377],[778628.9251,4295181.1595],[778632.0056,4295180.9617],[778635.0798,4295181.2402],[778657.599,4295185.0506],[778660.806,4295182.3374],[778663.348,4295180.508],[778666.1444,4295179.0979],[778669.1267,4295178.1416],[778672.2216,4295177.6626],[778688.511,4295176.4361],[778690.6897,4295176.3911],[778692.8605,4295176.5835],[778695.1006,4295175.4333],[778696.7406,4295174.5733],[778698.2205,4295173.7933],[778699.8105,4295172.9633],[778703.3904,4295170.9432],[778705.2803,4295170.5932],[778708.7102,4295169.9731],[778711.8901,4295169.5931],[778715.06,4295169.1431],[778718.5599,4295168.143],[778721.9798,4295166.973],[778726.2297,4295165.4229],[778730.4896,4295163.8928],[778734.4095,4295162.5528],[778738.3694,4295161.2127],[778742.2793,4295159.8427],[778746.6891,4295158.1526],[778751.029,4295156.3425],[778754.3389,4295154.9625],[778757.5888,4295153.5124],[778760.7687,4295151.9024],[778763.7986,4295149.9123],[778766.6686,4295147.8123],[778766.7386,4295147.7223],[778769.5085,4295145.6523],[778770.694,4295144.7682],[778770.8683,4295134.1585],[778771.1479,4295131.1382],[778771.881,4295128.1949],[778773.0509,4295125.3963],[778774.6304,4295122.8069],[778776.5833,4295120.486],[778778.8648,4295118.4872],[778786.3101,4295112.9026],[778790.5223,4295103.5403],[778797.1899,4295091.03],[778798.9915,4295088.2368],[778801.2309,4295085.7806],[778803.8461,4295083.7291],[778806.765,4295082.1392],[778809.9068,4295081.0545],[778823.1956,4295077.6726],[778830.7789,4295073.2666],[778840.3646,4295066.8209],[778842.4168,4295065.6117],[778844.5981,4295064.6553],[778866.0905,4295056.7207],[778881.1549,4295049.0328],[778883.4957,4295048.0207],[778885.9464,4295047.3147],[778887.1837,4295047.0424],[778903.8201,4295031.6146],[778905.3747,4295029.87],[778907.112,4295028.4159],[778901.183,4294976.1996],[778906.8346,4294975.4786],[778912.5329,4294975.0889],[778918.244,4294974.9958],[778921.2543,4294975.1442],[778926.3457,4294975.0328],[778951.2191,4294974.179],[778960.2261,4294972.8731],[778969.31,4294972.315],[778978.4089,4294972.5086],[778983.3724,4294988.4002],[778996.8622,4294979.0886],[779001.903,4294977.0612],[779007.7946,4294979.1745],[779012.3417,4294981.0821],[779014.7008,4294982.1777],[779026.1282,4295002.627],[779038.6467,4294998.0231],[779046.3246,4294996.1824],[779059.6864,4294994.3416],[779069.9735,4294993.7265],[779084.565,4294994.0338],[779095.3089,4294995.2592],[779106.0616,4294996.7966],[779115.2768,4294997.407],[779125.7132,4294996.7964],[779132.4748,4294996.2484],[779158.9559,4295019.2796],[779177.3524,4295019.5354],[779184.5157,4295019.8923],[779191.635,4295020.7617],[779198.6737,4295022.1391],[779205.5955,4295024.0176],[779212.3649,4295026.3874],[779217.8458,4295027.7909],[779223.2385,4295029.502],[779231.0767,4295029.7102],[779238.7971,4295030.2146],[779246.4554,4295031.3145],[779261.6043,4295034.092],[779268.9354,4295035.7229],[779276.1234,4295037.8994],[779283.1278,4295040.6092],[779289.909,4295043.8372],[779295.8914,4295044.9646],[779303.094,4295045.1719],[779310.263,4295045.8973],[779296.0934,4295055.5652],[779288.1036,4295059.9854],[779274.884,4295066.7356],[779269.9541,4295070.1056],[779265.9542,4295073.0357],[779263.1843,4295076.8958],[779261.8843,4295080.2258],[779263.1443,4295084.6958],[779265.8842,4295088.6658],[779269.6641,4295092.6758],[779272.304,4295095.1357],[779274.3639,4295096.2357],[779279.4638,4295098.1757],[779285.4736,4295098.6856],[779291.1393,4295098.7551],[779294.2133,4295098.3055],[779297.2933,4295098.1254],[779299.9932,4295098.4654],[779303.0631,4295099.6954],[779306.663,4295101.7153],[779310.2829,4295103.8953],[779313.1228,4295104.8953],[779315.5457,4295105.7076],[779315.8427,4295105.6652],[779320.5926,4295106.2552],[779325.6124,4295107.6251],[779330.1023,4295109.3251],[779335.0221,4295111.565],[779338.992,4295114.015],[779343.0219,4295116.755],[779349.7317,4295122.0549],[779352.1916,4295124.1949],[779359.4914,4295131.4348],[779362.8213,4295134.3448],[779366.0512,4295135.9948],[779369.7111,4295137.0847],[779374.5609,4295137.8147],[779382.3207,4295138.4546],[779388.1205,4295141.3945],[779389.6805,4295141.7845],[779391.5104,4295141.7845],[779393.9004,4295142.3644],[779397.7602,4295143.6544],[779401.2001,4295145.5744],[779404.01,4295146.8943],[779407.21,4295147.6643],[779409.6331,4295147.737],[779409.9499,4295147.7143],[779415.1597,4295147.3042],[779419.6596,4295146.0341],[779423.7295,4295144.1341],[779428.3094,4295141.474],[779431.6893,4295138.7739],[779435.6792,4295134.0539],[779438.2891,4295129.7738],[779446.6889,4295112.3236],[779451.6688,4295102.5335],[779459.4686,4295090.5734],[779465.4084,4295082.0733],[779472.9782,4295073.6631],[779477.4481,4295069.6431],[779483.8379,4295065.043],[779491.9277,4295060.3428],[779496.7976,4295058.1028],[779500.5059,4295057.4614],[779503.1474,4295057.2927],[779505.1973,4295056.7027],[779509.9472,4295054.5126],[779517.547,4295052.1625],[779523.5468,4295051.4224],[779531.8166,4295051.5023],[779536.8664,4295052.6222],[779542.7763,4295055.1322],[779548.4461,4295058.6021],[779552.006,4295060.8821],[779553.4859,4295061.9121],[779555.0859,4295062.2421],[779556.7558,4295062.542],[779559.4358,4295062.092],[779561.0957,4295061.012],[779563.5957,4295058.2919],[779566.3056,4295055.4319],[779568.9355,4295053.0318],[779574.0354,4295048.8618],[779579.4952,4295045.0517],[779588.875,4295039.0915],[779593.1749,4295036.7715],[779608.8944,4295029.8812],[779618.8041,4295028.0511],[779623.964,4295027.481],[779625.7739,4295026.661],[779627.0839,4295024.621],[779627.2039,4295021.051],[779627.4839,4295013.0809],[779628.7339,4295008.9409],[779630.4639,4295005.2309],[779631.8738,4295001.7608],[779634.8638,4294993.1507],[779634.9038,4294987.2907],[779634.6138,4294980.7507],[779634.6187,4294980.3093],[779651.353,4294973.6847],[779655.856,4294969.4561],[779660.6114,4294965.5136],[779665.6012,4294961.8722],[779674.8668,4294955.5397],[779682.0796,4294951.0474],[779689.6478,4294947.1838],[779697.5166,4294943.9765],[779705.6293,4294941.4489],[779713.9271,4294939.6193],[779722.3505,4294938.5007],[779730.8384,4294938.1013],[779739.3294,4294938.424],[779747.7625,4294939.4664],[779756.0765,4294941.221],[779764.2116,4294943.6752],[779772.109,4294946.8112],[779779.7115,4294950.6064],[779786.9645,4294955.0333],[779794.9765,4294954.966],[779802.968,4294955.5403],[779810.888,4294956.7527],[779815.2044,4294957.6889],[779825.5506,4294952.1505],[779835.5326,4294946.8321],[779835.4527,4294946.4837],[779833.7869,4294938.9009],[779832.7348,4294931.2089],[779832.3029,4294923.4574],[779832.4942,4294915.6962],[779830.152,4294904.9403],[779828.5124,4294894.0553],[779827.5823,4294883.0868],[779827.3657,4294872.081],[779825.4097,4294863.6174],[779824.2042,4294855.0148],[779823.7587,4294846.3396],[779824.0765,4294837.6586],[779825.1551,4294829.0392],[779826.9863,4294820.5477],[779826.8751,4294812.3561],[779827.4223,4294804.182],[779828.6245,4294796.0784],[779830.4737,4294788.0975],[779832.9582,4294780.291],[779836.0617,4294772.7093],[779839.7644,4294765.4015],[779844.0421,4294758.4147],[779848.8672,4294751.7942],[779854.2087,4294745.5827],[779854.6906,4294737.3507],[779855.8554,4294729.1871],[779857.6951,4294721.1488],[779860.1967,4294713.2913],[779863.3432,4294705.669],[779863.6135,4294696.2908],[779864.5744,4294686.9581],[779866.2208,4294677.7217],[779868.5434,4294668.6316],[779871.53,4294659.7376],[779875.164,4294651.0879],[779873.7945,4294643.6527],[779873.1568,4294636.1194],[779873.257,4294628.5597],[779874.0943,4294621.0459],[779875.5882,4294612.3756],[779877.8114,4294603.863],[779880.7477,4294595.5694],[779884.3761,4294587.5545],[779888.6706,4294579.8757],[779893.6003,4294572.5885],[779909.3363,4294550.4341],[779920.2528,4294536.8294],[779924.7479,4294532.5094],[779929.5728,4294528.5612],[779934.697,4294525.01],[779944.6475,4294518.084],[779966.7848,4294502.7799],[779969.0432,4294500.6159],[779973.6272,4294496.8179],[779999.1405,4294475.5538],[780012.2269,4294462.2489],[780018.5074,4294456.6658],[780025.1949,4294451.5773],[780032.2506,4294447.013],[780039.6333,4294442.9994],[780046.4326,4294440.1149],[780053.4265,4294437.7411],[780060.5768,4294435.8909],[780067.8443,4294434.5746],[780075.1893,4294433.7992],[780113.8584,4294416.5103],[780097.2685,4294389.8293],[780089.5014,4294377.3379],[780084.8678,4294369.9174],[780076.0931,4294355.3258],[780072.9467,4294349.7148],[780070.1465,4294343.9234],[780065.2343,4294336.709],[780060.97,4294329.0937],[780057.3859,4294321.1355],[780054.5094,4294312.8951],[780052.3624,4294304.4353],[780050.9613,4294295.8203],[780050.3165,4294287.1161],[780050.4332,4294278.3888],[780051.3105,4294269.7049],[780052.9416,4294261.1306],[780055.3142,4294252.7311],[780058.4101,4294244.5705],[780059.1917,4294236.7782],[780059.1875,4294229.7137],[780059.6821,4294222.6665],[780068.8938,4294221.172],[780070.7138,4294211.9519],[780072.0938,4294204.1619],[780074.1138,4294185.3118],[780101.323,4294189.1215],[780109.6128,4294191.2114],[780113.0627,4294193.4014],[780118.2925,4294199.8613],[780120.8124,4294203.0313],[780129.3922,4294211.3912],[780134.392,4294212.0412],[780135.762,4294203.5111],[780137.382,4294197.4211],[780140.002,4294185.031],[780137.902,4294182.701],[780136.5221,4294178.881],[780135.4621,4294176.431],[780133.8422,4294174.541],[780132.1722,4294173.041],[780130.6023,4294171.201],[780128.0223,4294166.2611],[780126.9424,4294164.1811],[780125.7524,4294161.6611],[780124.4525,4294159.6111],[780122.9825,4294157.2211],[780121.6326,4294155.4311],[780120.3226,4294153.7211],[780119.2926,4294152.1311],[780118.6827,4294150.7111],[780117.4127,4294147.6811],[780116.0428,4294144.4211],[780115.3928,4294141.1911],[780114.8228,4294137.8211],[780114.2128,4294134.5311],[780112.9529,4294131.4411],[780110.633,4294126.4011],[780109.623,4294123.7911],[780108.363,4294121.3011],[780106.8531,4294117.4111],[780105.1731,4294115.0411],[780104.4932,4294111.9811],[780104.4632,4294108.6311],[780104.9832,4294105.5811],[780105.9332,4294101.971],[780107.2131,4294099.411],[780109.1931,4294096.471],[780111.443,4294093.9409],[780113.853,4294092.1509],[780115.7829,4294090.9309],[780118.5229,4294089.2108],[780120.9228,4294087.7808],[780123.4427,4294086.5808],[780123.3427,4294084.9108],[780123.4927,4294082.6607],[780124.3027,4294080.7507],[780126.6527,4294076.4907],[780128.1927,4294073.1607],[780128.6226,4294072.1306],[780128.0927,4294067.3306],[780128.6727,4294058.3806],[780128.3296,4294050.1239],[780128.0142,4294041.8096],[780122.2071,4294031.8384],[780106.8503,4294014.82],[780104.3198,4294010.0577],[780105.0637,4294008.42],[780111.0191,4294009.6109],[780114.7429,4294010.6523],[780117.4219,4294009.3134],[780118.9118,4294006.4849],[780120.6985,4293997.7045],[780120.2513,4293990.2631],[780117.2735,4293983.5658],[780113.8424,4293979.2207],[780098.1345,4293965.2187],[780088.5828,4293952.9135],[780091.6609,4293951.7741],[780084.0128,4293931.7969],[780081.871,4293927.7196],[780069.0281,4293919.6796],[780061.027,4293901.7461],[780061.2417,4293888.2662],[780061.5917,4293881.3487],[780062.4198,4293874.472],[780063.7218,4293867.6691],[780065.4917,4293860.9727],[780069.4113,4293847.9811],[780050.3361,4293807.5282],[780075.9849,4293796.3928],[780090.09,4293789.2344],[780094.635,4293785.9925],[780114.4386,4293771.0193],[780112.4075,4293761.1254],[780116.6994,4293757.0292],[780116.7396,4293754.6517],[780117.0617,4293752.2958],[780117.6611,4293749.9949],[780108.4164,4293744.4698],[780089.3651,4293736.771],[780080.4799,4293732.5406],[780052.3177,4293727.2431],[780041.7335,4293724.802],[780044.7906,4293716.7365],[780048.5312,4293708.9643],[780052.9278,4293701.5434],[780057.9474,4293694.529],[780063.5528,4293687.9732],[780069.7022,4293681.9249],[780076.35,4293676.429],[780083.4466,4293671.5264],[780090.9393,4293667.2537],[780095.2589,4293661.9594],[780099.93,4293656.9726],[780104.9306,4293652.3163],[780105.9581,4293644.9201],[780107.5346,4293637.6212],[780109.6514,4293630.4602],[780112.2966,4293623.4772],[780115.4554,4293616.711],[780116.3358,4293610.7666],[780117.894,4293602.6029],[780120.1246,4293594.597],[780123.0124,4293586.8039],[780126.5372,4293579.2774],[780130.6749,4293572.0697],[780135.3967,4293565.2305],[780140.6701,4293558.8069],[780146.4587,4293552.8435],[780152.7224,4293547.3812],[780154.4675,4293539.0043],[780156.9223,4293530.8074],[780160.0687,4293522.8502],[780163.8839,4293515.1911],[780168.3398,4293507.8862],[780173.4039,4293500.989],[780179.0391,4293494.55],[780220.7094,4293450.8578],[780222.7152,4293426.7641],[780223.4452,4293420.4389],[780224.5761,4293414.1729],[780226.4198,4293405.5405],[780225.8705,4293399.3006],[780225.4865,4293391.0592],[780225.7832,4293382.814],[780226.7586,4293374.6214],[780228.406,4293366.537],[780230.7142,4293358.6161],[780233.6674,4293350.9123],[780237.2456,4293343.4781],[780241.4245,4293336.3642],[780246.1755,4293329.619],[780251.4663,4293323.2886],[780278.858,4293293.1346],[780283.7017,4293288.1609],[780288.8788,4293283.5353],[780294.3644,4293279.28],[780304.7844,4293271.7614],[780313.7821,4293289.1297],[780324.268,4293287.013],[780450.8427,4293281.8328],[780476.5041,4293310.1763],[780483.0662,4293312.9768],[780494.7771,4293314.7573],[780499.057,4293313.5633],[780506.9261,4293319.4313],[780534.2273,4293341.6368],[780543.7163,4293347.2332],[780560.4251,4293354.7388],[780573.9451,4293368.4383],[780606.6147,4293363.1839],[780610.0375,4293369.0404],[780616.2333,4293376.1715],[780627.3125,4293383.3025],[780648.5287,4293397.002],[780649.7772,4293397.507],[780671.6087,4293385.7005],[780674.471,4293384.4311],[780677.4962,4293383.6242],[780680.6104,4293383.2993],[780683.7371,4293383.4644],[780686.7998,4293384.1156],[780689.7232,4293385.2368],[780714.0768,4293396.8384],[780720.3081,4293393.8134],[780730.071,4293383.8665],[780737.2071,4293376.9233],[780744.3413,4293372.7944],[780749.8495,4293372.0463],[780750.4679,4293372.2394],[780751.4484,4293362.0304],[780751.8384,4293358.6503],[780752.9284,4293348.7412],[780794.4141,4293370.063],[780798.5671,4293376.7799],[780803.2369,4293386.8599],[780813.1466,4293410.4398],[780817.2164,4293420.1098],[780828.5161,4293430.8397],[780856.5152,4293457.4895],[780858.8852,4293459.7395],[780861.9787,4293462.667],[780864.0034,4293462.7363],[780856.2621,4293443.315],[780837.9691,4293400.6673],[780813.8189,4293336.453],[780813.1371,4293334.2681],[780812.7094,4293332.0197],[780812.7876,4293326.6535],[780813.5995,4293322.9855],[780815.1598,4293319.7171],[780817.1748,4293316.7077],[780819.6023,4293314.0201],[780832.4602,4293301.6706],[780830.6167,4293280.1957],[780828.8673,4293268.8924],[780828.1675,4293265.7461],[780825.1321,4293258.021],[780819.7672,4293248.2326],[780817.4346,4293243.8045],[780811.7196,4293236.3468],[780800.3837,4293200.3243],[780787.0524,4293203.6552],[780784.2476,4293204.2356],[780781.3869,4293204.3777],[780778.5383,4293204.0781],[780775.7697,4293203.344],[780773.1469,4293202.193],[780763.9122,4293189.1438],[780757.0327,4293178.4679],[780753.9008,4293170.9874],[780753.3717,4293166.3818],[780752.637,4293159.4696],[780752.5274,4293155.7545],[780752.7352,4293152.0436],[780754.0589,4293139.9774],[780755.1183,4293133.0976],[780756.1776,4293129.7711],[780757.464,4293123.4203],[780764.9586,4293093.6204],[780770.2767,4293076.4464],[780772.8409,4293070.1841],[780770.9695,4293069.3684],[780771.5181,4293068.2493],[780771.2667,4293068.1123],[780776.5172,4293053.3678],[780778.5054,4293047.7592],[780780.2289,4293039.7477],[780780.8558,4293030.1059],[780780.7406,4293012.9966],[780782.2953,4293012.939],[780782.3432,4293011.5926],[780783.7016,4293011.6203],[780784.0788,4293010.0299],[780784.2964,4293008.8927],[780784.7072,4293007.8103],[780785.2988,4293006.8152],[780786.0535,4293005.9372],[780786.9484,4293005.2028],[780787.9569,4293004.6341],[780789.0484,4293004.2483],[780790.2246,4293003.5776],[780790.2359,4293003.5391],[780790.9059,4293000.6381],[780791.9076,4292996.4541],[780793.2718,4292992.3739],[780792.8153,4292988.3759],[780793.6194,4292986.9705],[780794.6252,4292985.7017],[780805.2222,4292975.0928],[780806.934,4292967.8313],[780804.9776,4292962.1625],[780804.9776,4292960.7941],[780805.0265,4292951.118],[780804.3903,4292948.7968],[780803.2654,4292945.1316],[780802.4339,4292942.3461],[780801.4067,4292940.3424],[780800.4285,4292937.6435],[780800.0937,4292936.2617],[780799.9394,4292934.8484],[780799.9879,4292932.9574],[780800.2996,4292931.0916],[780800.8683,4292929.2873],[780801.6829,4292927.58],[780802.7274,4292926.003],[780804.4882,4292922.6798],[780806.9768,4292918.5184],[780807.4199,4292916.3682],[780808.5592,4292911.5619],[780811.7779,4292900.8022],[780808.1057,4292896.198],[780805.5237,4292892.4119],[780803.4266,4292888.3372],[780802.7268,4292885.4089],[780802.4599,4292882.4098],[780802.6319,4292879.4039],[780803.2388,4292876.4549],[780804.2679,4292873.6254],[780805.6973,4292870.9754],[780807.5118,4292868.6072],[780855.7194,4292814.5702],[780857.4262,4292812.8743],[780874.1333,4292798.1624],[780876.2252,4292796.5525],[780878.5108,4292795.2321],[780880.9505,4292794.2242],[780928.9674,4292778.0053],[780946.358,4292768.09],[780948.896,4292766.8711],[780951.5798,4292766.0207],[780954.3565,4292765.5556],[780957.1709,4292765.485],[780959.9675,4292765.8104],[780956.6726,4292751.6932],[780948.5513,4292731.1672],[780947.5676,4292727.8812],[780939.572,4292689.4353],[780928.4464,4292657.6488],[780931.966,4292652.8622],[780930.7094,4292646.8202],[780910.0994,4292629.3858],[780907.1844,4292629.3858],[780906.0873,4292627.331],[780901.1537,4292626.9191],[780888.2689,4292638.1548],[780872.329,4292625.6642],[780855.3298,4292614.156],[780832.279,4292588.3623],[780831.8528,4292576.1638],[780839.9612,4292552.6311],[780832.4034,4292533.1965],[780831.5777,4292530.5389],[780831.1289,4292527.7924],[780831.0656,4292525.0102],[780831.3891,4292522.246],[780837.731,4292488.5695],[780839.0862,4292475.5362],[780832.35,4292425.554],[780832.1721,4292422.6538],[780832.4163,4292419.7585],[780833.0774,4292416.9291],[780834.1415,4292414.2253],[780851.7101,4292377.6364],[780854.3889,4292374.3256],[780849.5899,4292373.2652],[780838.4102,4292370.1854],[780827.5605,4292366.7455],[780823.4106,4292364.9055],[780816.1708,4292361.4556],[780807.6811,4292356.3156],[780800.9513,4292349.2057],[780797.4314,4292339.8857],[780795.8715,4292330.0257],[780797.5715,4292322.0456],[780800.9714,4292309.2655],[780804.5914,4292298.6354],[780806.33,4292296.1785],[780807.8413,4292295.8154],[780810.8512,4292295.8454],[780816.2711,4292299.4353],[780823.1609,4292306.7553],[780832.2906,4292314.9552],[780838.4904,4292323.5352],[780850.6601,4292332.6151],[780851.1601,4292333.7451],[780858.408,4292333.934],[780857.0814,4292320.3469],[780857.3353,4292295.6529],[780817.2267,4292272.6612],[780785.2319,4292260.6343],[780782.3167,4292259.2611],[780779.6599,4292257.4375],[780777.3304,4292255.211],[780775.3888,4292252.6391],[780773.8853,4292249.7888],[780772.8593,4292246.734],[780772.337,4292243.554],[780771.116,4292228.7182],[780771.0878,4292225.8264],[780771.4769,4292222.9607],[780772.2753,4292220.1811],[780786.6952,4292180.927],[780787.5041,4292149.3171],[780787.6822,4292147.117],[780788.1017,4292144.9499],[780792.3745,4292127.9624],[780793.4272,4292124.8706],[780794.9688,4292121.9914],[780794.9583,4292118.9091],[780795.4216,4292115.8618]]},"geometry_name":"shape","properties":{"layer":"0805DPMT","idtramo":3006,"provincia":"Alicante","referencia":"DES01/08/03/0001","tm":"Jávea","estado":"A","om":"2011-04-04Z","sit_admin":"Aprobado (O.M. 05/04/2011)","tipo_linea":"Límite SP aprobada","label":"DES01/08/03/0001 (O.M. 05/04/2011)","figura":null,"id_segment":"3006004","vertices":"SI","shape_leng":6429.76164582},"bbox":[778564.0803,4292115.8618,780959.9675,4295246.6886]},{"type":"Feature","id":"dominio_publico_maritimo_terrestre.fid--5635244b_1a0dee0381f_60ce","geometry":{"type":"LineString","coordinates":[[776320.851,4290118.6582],[776329.986,4290134.4744],[776386.0685,4290194.7885],[776456.9439,4290191.7378],[776457.6496,4290276.6591],[776481.7339,4290324.3538],[776486.3747,4290391.425],[776509.4955,4290423.555],[776549.7924,4290510.7386],[776590.1615,4290597.7464],[776652.896,4290632.4462],[776715.5134,4290667.0984],[776721.8691,4290659.2216],[776727.6709,4290625.4141],[776734.5006,4290604.3972],[776745.4376,4290590.6573],[776762.6324,4290569.0523],[776787.6774,4290550.4326],[776792.2717,4290536.1137],[776818.6259,4290512.8874],[776829.2083,4290524.0995],[776839.4743,4290576.3537],[776860.0139,4290651.0225],[776886.888,4290672.2321],[776935.0331,4290661.1793],[776941.9988,4290671.7496],[776962.4447,4290677.781],[776999.2741,4290699.2075],[777030.1136,4290746.9074],[777059.2881,4290781.4793],[777097.1723,4290772.539],[777142.9899,4290821.5472],[777196.3303,4290878.5931],[777210.5945,4290884.351],[777221.8198,4290896.1749],[777247.8543,4290910.2591],[777255.4636,4290910.7899],[777264.6372,4290906.1723],[777282.2693,4290913.2927],[777289.1274,4290912.7981],[777295.8701,4290909.2078],[777318.6483,4290906.5628],[777337.8295,4290915.2325],[777347.7453,4290917.905],[777368.2051,4290930.0196],[777385.063,4290939.343],[777393.4359,4290955.4032],[777402.7402,4291013.6944],[777408.0345,4291034.5118],[777417.0757,4291047.8288],[777461.8176,4291049.7036],[777515.7345,4291071.8367],[777568.08,4291093.3254],[777634.4119,4291056.5822],[777650.8243,4291036.9806],[777741.8055,4290994.718],[777778.7206,4291013.9809],[777787.5936,4291068.7719],[777818.2712,4291105.0272],[777885.6524,4291139.3409],[777978.1349,4291142.1642],[778041.9914,4291149.0924],[778109.4284,4291156.7568],[778112.6268,4291169.5666],[778108.3477,4291188.205],[778095.3856,4291203.1249],[778091.5907,4291221.5967],[778082.6095,4291234.3556],[778066.8009,4291238.2728],[778055.5113,4291258.9769],[778045.3776,4291284.5497],[778026.4855,4291303.4742],[778023.8934,4291317.1723],[778020.7119,4291321.6247],[778012.5717,4291326.6367],[778004.2759,4291334.7361],[777982.2027,4291349.6993],[777959.9468,4291355.957],[777941.5649,4291358.4829],[777930.0594,4291354.5983],[777920.3064,4291355.1315],[777915.7347,4291359.0162],[777920.5397,4291364.7462],[777925.2639,4291377.2383],[777932.5687,4291387.0021],[777919.4369,4291417.9277],[777903.7611,4291420.0635],[777889.4198,4291430.0283],[777868.7607,4291456.2908],[777860.889,4291462.7355],[777849.9065,4291466.7978],[777843.2608,4291473.0035],[777832.6549,4291489.075],[777826.9913,4291501.6505],[777821.3276,4291514.2259],[777815.0478,4291521.0706],[777814.1071,4291527.1977],[777806.0371,4291536.6301],[777819.2232,4291542.3573],[777832.4093,4291548.0845],[777837.5108,4291552.9803],[777840.7642,4291570.9861],[777844.0177,4291588.992],[777848.5666,4291604.211],[777853.1153,4291619.43],[777840.8602,4291622.5649],[777828.605,4291625.6998],[777831.0749,4291635.9051],[777853.4652,4291635.2654],[777892.4659,4291646.1804],[777911.8254,4291658.7884],[777934.6935,4291657.3947],[777962.5593,4291655.6965],[777979.305,4291652.069],[777999.8732,4291630.0667],[778004.2974,4291618.3875],[778001.8801,4291608.8043],[778008.0786,4291603.5529],[778012.3861,4291595.7808],[778020.8134,4291588.2926],[778035.4168,4291583.7763],[778046.4915,4291575.0669],[778055.91,4291573.0411],[778046.4511,4291589.9842],[778051.0405,4291605.3793],[778098.2854,4291635.4044],[778139.101,4291707.42],[778153.6402,4291709.4006],[778165.0899,4291713.6206],[778169.995,4291729.6821],[778168.4848,4291739.7262],[778177.0744,4291760.8922],[778241.5101,4291789.8111],[778245.2607,4291799.9143],[778247.9572,4291816.5147],[778258.3942,4291823.4255],[778289.1358,4291837.5737],[778330.4543,4291851.677],[778403.379,4291830.7291],[778451.5999,4291829.0882],[778461.2729,4291832.7942],[778471.7815,4291832.8442],[778499.0863,4291850.4336],[778504.5989,4291858.748],[778508.2547,4291907.8018],[778485.6289,4291951.2747],[778500.4361,4291977.036],[778541.6596,4291972.6617],[778566.9193,4291948.3355],[778576.3777,4291947.593],[778599.2649,4291956.8104],[778617.4481,4291958.2433],[778629.3881,4291962.9962],[778644.0312,4291965.1094],[778650.0139,4291982.9058],[778667.9061,4291990.8822],[778680.2687,4291990.2071],[778709.0742,4292001.7917],[778726.2728,4292006.8682],[778739.7637,4292000.5602],[778756.6734,4291996.2762],[778768.8321,4291994.4366],[778785.2594,4291986.6026],[778819.0168,4291983.3668],[778831.7321,4291980.3168],[778850.5773,4291978.9991],[778874.3422,4291975.4721],[778895.5377,4291968.8198],[778926.102,4291962.9707],[778941.7131,4291958.2067],[778956.019,4291958.107],[778986.8917,4291962.561],[779019.9697,4291976.5927],[779031.441,4291974.7722],[779035.0028,4291955.5418],[779043.7813,4291943.9788],[779112.1153,4291954.1501],[779143.0592,4291965.1258],[779197.5122,4291949.4395],[779268.6728,4291990.4814],[779297.0454,4292028.9114],[779311.7307,4292053.1439],[779342.5504,4292033.8415],[779373.6566,4292013.9724],[779355.5005,4291915.713],[779375.475,4291838.3099],[779378.7293,4291817.6035],[779383.0621,4291790.0075],[779379.5687,4291768.2273],[779373.5482,4291757.3243],[779369.3087,4291737.6296],[779373.0464,4291716.7798],[779373.3397,4291702.1966],[779377.1863,4291683.8729],[779383.0814,4291677.1054],[779394.3578,4291671.5951],[779420.3979,4291671.9043],[779426.9659,4291656.1976],[779444.6456,4291652.1249],[779451.5795,4291643.7655],[779453.8986,4291627.9833],[779452.0003,4291615.1911],[779451.7861,4291603.2195],[779449.9582,4291587.1238],[779446.8031,4291574.1343],[779453.0278,4291568.9738],[779456.2814,4291558.4407],[779455.6944,4291548.4192],[779458.6399,4291542.5299],[779468.3934,4291536.1197],[779481.6392,4291526.0504],[779487.0005,4291533.7174],[779492.6908,4291539.2085],[779501.0816,4291543.9143],[779505.9953,4291543.9142],[779514.5909,4291553.7514],[779551.9693,4291566.2901],[779540.5197,4291603.3117],[779542.6686,4291623.2139],[779583.962,4291631.3671],[779590.629,4291640.8557],[779606.6246,4291647.2518],[779614.5008,4291653.957],[779633.5273,4291690.2516],[779644.2879,4291702.1719],[779652.9371,4291726.7551],[779663.1161,4291737.9002],[779673.489,4291744.1025],[779679.7128,4291762.2721],[779678.8403,4291772.2543],[779689.7948,4291786.4036],[779700.9674,4291793.7179],[779705.8146,4291807.1888],[779734.335,4291827.8592],[779748.5857,4291833.8678],[779755.1778,4291828.1498],[779768.4128,4291829.512],[779811.7813,4291855.7011],[779827.6799,4291858.5115],[779834.4017,4291871.6246],[779843.7082,4291878.1178],[779849.8155,4291885.2893],[779875.8125,4291888.7024],[779888.1242,4291886.8608],[779914.4419,4291872.5738],[779920.6463,4291849.4113],[779926.9759,4291839.8837],[779961.1163,4291817.196],[779980.3379,4291814.3815],[779992.8436,4291818.9363],[779996.6828,4291832.0855],[779993.8442,4291851.9671],[780007.5626,4291870.2399],[780085.8776,4291870.9838],[780114.1854,4291840.8201],[780123.1093,4291852.5254],[780115.981,4291880.2126],[780158.7254,4291918.8354],[780224.5112,4291910.744],[780246.548,4291972.8163],[780268.0231,4292033.0573],[780324.3647,4292058.1279],[780361.8481,4292071.3339],[780372.7294,4292070.1141],[780385.9952,4292070.4495],[780411.9614,4292094.7269],[780415.667,4292099.4129],[780443.8077,4292097.3493],[780459.1447,4292089.5761],[780487.4323,4292087.6452],[780502.699,4292081.953],[780513.4174,4292084.7509],[780555.2576,4292067.5483],[780558.4882,4292074.9503],[780636.6554,4292067.4614],[780640.2395,4292062.2776],[780649.595,4292059.448],[780658.5574,4292049.9381],[780664.5323,4292051.8243],[780673.9856,4292064.3559],[780682.9753,4292063.1958],[780685.4747,4292065.1057],[780691.5944,4292069.782],[780698.8961,4292075.3616],[780696.2716,4292092.897],[780716.8791,4292093.8287],[780736.4872,4292098.394],[780759.5926,4292107.5487],[780795.4216,4292115.8618],[780814.9035,4292120.382],[780817.1865,4292127.1445],[780811.7699,4292132.8409],[780807.497,4292149.8284],[780806.6039,4292184.7312],[780791.0481,4292227.0774],[780792.2691,4292241.9131],[780825.7735,4292254.5075],[780877.5143,4292284.1673],[780876.9863,4292318.4031],[780882.623,4292376.1368],[780868.8534,4292388.1374],[780852.1703,4292422.8823],[780859.2254,4292475.2302],[780857.5377,4292491.4591],[780851.0431,4292525.9471],[780866.8484,4292566.5902],[780922.7813,4292613.9176],[780948.8869,4292636.0009],[780967.1481,4292723.8085],[780975.8129,4292745.7083],[780986.719,4292792.4361],[780982.982,4292795.9198],[780956.2635,4292785.4645],[780937.1959,4292796.336],[780887.35,4292813.1726],[780870.6429,4292827.8844],[780822.4353,4292881.9215],[780856.7813,4292927.0403],[780861.1319,4292976.9558],[780867.1963,4292990.6958],[780871.0146,4293012.5287],[780862.9206,4293032.4467],[780841.291,4293088.5853],[780852.2886,4293159.6972],[780868.0475,4293229.7712],[780892.5247,4293271.5728],[780832.5382,4293329.4122],[780856.5283,4293393.2008],[780874.7441,4293435.6684],[780887.778,4293468.3674],[780895.8714,4293474.4166],[780898.0248,4293487.6912],[780908.7096,4293509.1026],[780909.3891,4293541.0347],[780905.7236,4293545.1874],[780855.3416,4293506.9313],[780799.8866,4293485.3106],[780717.6396,4293443.0392],[780684.0397,4293435.6984],[780618.4495,4293458.2051],[780581.6892,4293473.2721],[780563.2895,4293465.5942],[780533.2867,4293435.7501],[780534.4532,4293430.4315],[780537.6115,4293423.1914],[780533.8465,4293420.1803],[780526.9816,4293411.2488],[780523.7813,4293410.4584],[780515.6377,4293419.0784],[780455.4875,4293409.9337],[780417.0893,4293393.5461],[780373.5498,4293345.456],[780352.8742,4293360.3746],[780325.4824,4293390.5285],[780327.3495,4293411.7343],[780322.3678,4293435.059],[780319.2397,4293472.6345],[780312.0367,4293507.4286],[780290.7434,4293522.3159],[780251.4009,4293563.5673],[780254.9304,4293604.9631],[780239.5741,4293613.919],[780230.4017,4293620.5554],[780215.2541,4293625.4164],[780211.554,4293650.3988],[780204.4213,4293662.3678],[780212.3789,4293696.8404],[780198.4247,4293717.7487],[780170.5323,4293727.7887],[780166.6626,4293742.243],[780136.6807,4293756.1782],[780176.2348,4293840.0607],[780165.9801,4293874.1007],[780161.2263,4293889.8572],[780160.7193,4293921.6904],[780164.2831,4293943.5866],[780159.3952,4293962.4519],[780164.6604,4293977.5129],[780159.2061,4294006.074],[780166.0132,4294074.5849],[780167.4488,4294089.0536],[780153.0931,4294117.0003],[780155.5578,4294135.6367],[780168.839,4294175.0115],[780180.4876,4294212.9963],[780159.2613,4294233.061],[780159.9512,4294238.921],[780159.1312,4294261.4211],[780157.6512,4294266.6211],[780153.6901,4294274.2577],[780150.2679,4294284.0872],[780158.0911,4294291.6512],[780161.381,4294303.1113],[780170.1307,4294317.6612],[780174.3705,4294324.4512],[780199.5463,4294364.9405],[780226.4098,4294387.3529],[780232.2639,4294404.9433],[780231.9573,4294414.0772],[780238.7251,4294419.3003],[780276.7066,4294433.7284],[780275.2206,4294440.1074],[780263.5952,4294445.9621],[780252.024,4294454.6201],[780227.2627,4294460.7086],[780194.4203,4294490.0303],[780148.2652,4294510.6661],[780102.1103,4294531.3019],[780082.2242,4294533.6676],[780062.612,4294553.5422],[780027.1961,4294582.4591],[779992.8943,4294605.6193],[779973.3471,4294633.4054],[779982.4112,4294668.9342],[779963.7307,4294698.7626],[779963.0211,4294727.2643],[779954.1605,4294748.1643],[779967.6947,4294786.2945],[779963.8999,4294796.575],[779955.8725,4294805.018],[779946.1924,4294810.131],[779932.3749,4294809.3959],[779926.8557,4294814.6803],[779927.8324,4294832.8083],[779923.5333,4294845.3924],[779935.1015,4294859.0365],[779927.6721,4294877.5133],[779928.2409,4294887.5265],[779936.3461,4294904.4527],[779932.2178,4294921.9739],[779941.26,4294943.779],[779934.5309,4294963.7293],[779934.7676,4294973.1015],[779947.2149,4294982.6536],[779949.0413,4294993.9064],[779956.8209,4294992.1959],[779965.7166,4294995.2765],[779983.8633,4294996.8966],[779982.0367,4295012.4803],[779983.9308,4295020.4622],[779993.8563,4295022.4789],[779997.7818,4295026.2335],[779992.6236,4295047.1485],[780007.8951,4295050.4092],[780009.6539,4295066.3829],[780036.3889,4295093.0965],[780057.1364,4295168.6308],[780017.3064,4295204.4448],[779994.4206,4295207.4574],[779992.9332,4295228.9405],[779989.2141,4295265.8657],[779985.1949,4295305.6781],[779979.3426,4295328.2115],[779985.6344,4295360.8897],[779996.5665,4295366.5504],[779998.5101,4295375.4333],[780004.0784,4295384.4222],[780037.6978,4295404.0713],[780046.9536,4295404.9965],[780053.6343,4295407.7005],[780054.1896,4295414.9178],[780051.8756,4295426.3917],[780057.2552,4295453.8362],[780066.8052,4295484.0847],[780074.0183,4295499.0563],[780074.3995,4295505.9144],[780072.2404,4295509.2165],[780037.7842,4295517.6836],[780021.258,4295522.6802],[780016.4568,4295521.224],[780009.3789,4295509.764],[780009.271,4295502.6451],[780007.2753,4295496.6555],[780009.4319,4295487.3027],[780006.357,4295478.2424],[780015.4609,4295469.0717],[780021.5582,4295431.9817],[780012.5667,4295418.4496],[779997.5319,4295410.1839],[779992.4006,4295402.2265],[779978.9438,4295397.6962],[779964.2359,4295386.3786],[779926.8821,4295374.412],[779879.5802,4295388.2956],[779872.6696,4295358.451],[779869.5761,4295338.1135],[779875.2136,4295325.7597],[779884.0069,4295315.581],[779893.8832,4295300.5059],[779890.7207,4295291.4068],[779890.956,4295280.1814],[779905.0747,4295251.4034],[779903.7633,4295245.6972],[779896.8213,4295244.6949],[779880.997,4295251.7053],[779877.9117,4295245.2281],[779882.4653,4295222.2996],[779894.1782,4295209.1175],[779890.1309,4295201.2023],[779894.8475,4295189.1771],[779891.6588,4295172.6818],[779896.3756,4295166.4354],[779893.1903,4295162.6386],[779883.8103,4295161.8268],[779878.7217,4295143.7414],[779882.2143,4295135.4673],[779880.6217,4295129.1597],[779872.5869,4295128.5864],[779864.3619,4295109.0357],[779853.5194,4295105.3003],[779841.4495,4295103.4426],[779834.2592,4295089.147],[779835.9483,4295068.8855],[779838.9503,4295063.9745],[779839.1731,4295058.4356],[779821.9082,4295067.7588],[779814.4084,4295066.0288],[779800.9316,4295060.1435],[779791.8085,4295054.9163],[779787.4419,4295056.5922],[779785.7799,4295064.6514],[779772.0065,4295063.5963],[779764.098,4295053.8827],[779747.7808,4295049.6449],[779731.2886,4295038.1008],[779722.0229,4295044.4333],[779716.0977,4295050.5796],[779707.5201,4295057.3725],[779688.3633,4295068.3289],[779680.0933,4295069.8573],[779646.2983,4295083.2358],[779626.1857,4295097.9931],[779601.22,4295106.3744],[779590.4657,4295107.0962],[779567.4156,4295120.9597],[779552.7945,4295124.7982],[779549.1744,4295133.6326],[779538.4619,4295137.3451],[779517.9514,4295155.8002],[779507.8831,4295163.1044],[779490.9866,4295171.7142],[779487.146,4295183.2234],[779480.8427,4295188.6376],[779450.6454,4295187.6564],[779368.6264,4295184.9951],[779350.9388,4295179.5931],[779317.2158,4295169.2981],[779315.148,4295165.7544],[779315.0727,4295158.4554],[779312.0468,4295151.9603],[779296.6165,4295144.9624],[779285.1532,4295146.238],[779274.3896,4295142.6262],[779264.0545,4295142.3952],[779251.6349,4295138.0309],[779243.5698,4295132.453],[779228.4209,4295129.6754],[779206.5772,4295129.0954],[779190.3092,4295123.9255],[779182.2214,4295124.9794],[779175.9606,4295119.5261],[779167.1443,4295119.4036],[779149.4368,4295127.5769],[779135.5735,4295127.2052],[779112.037,4295123.1033],[779097.6958,4295123.5243],[779088.5538,4295096.9822],[779082.3017,4295085.1413],[779059.9701,4295065.719],[779054.0214,4295070.7504],[779047.6094,4295070.6296],[779039.6851,4295074.0766],[779035.2693,4295086.3526],[779030.1947,4295091.204],[779002.56,4295097.973],[778992.0659,4295089.6825],[778991.2746,4295083.2381],[778985.8331,4295079.5782],[778971.2686,4295072.2539],[778959.5484,4295075.3911],[778949.2746,4295076.2835],[778941.8972,4295074.5583],[778931.2235,4295074.9243],[778925.4157,4295077.9047],[778916.3946,4295075.036],[778908.5463,4295077.8595],[778903.471,4295078.4869],[778892.6003,4295084.7475],[778878.7724,4295089.7162],[778855.5596,4295098.0571],[778838.6951,4295104.1169],[778822.6825,4295109.8706],[778818.2009,4295119.7726],[778813.7194,4295129.6746],[778809.2378,4295139.5765],[778804.7564,4295149.4785],[778800.2749,4295159.3805],[778804.6528,4295172.5395],[778771.6201,4295185.8862],[778753.1102,4295189.348],[778730.4467,4295185.0665],[778715.0212,4295192.9404],[778708.1469,4295202.7909],[778701.1759,4295204.0169],[778690.0123,4295196.3798],[778673.7229,4295197.6063],[778662.1676,4295207.3823],[778653.0018,4295204.5571],[778631.7431,4295200.9601],[778612.9274,4295203.6382],[778598.4912,4295216.0851],[778584.0412,4295221.3019],[778606.5628,4295254.0731]]},"geometry_name":"shape","properties":{"layer":"0801DPMT","idtramo":3006,"provincia":"Alicante","referencia":"DES01/08/03/0001","tm":"Jávea","estado":"A","om":"2011-04-04Z","sit_admin":"Aprobado (O.M. 05/04/2011)","tipo_linea":"Límite DPMT aprobado","label":"DES01/08/03/0001 (O.M. 05/04/2011)","figura":null,"id_segment":"3006005","vertices":"SI","shape_leng":15204.5206027},"bbox":[776320.851,4290118.6582,780986.719,4295522.6802]},{"type":"Feature","id":"dominio_publico_maritimo_terrestre.fid--5635244b_1a0dee0381f_60cf","geometry":{"type":"LineString","coordinates":[[774908.7587,4301283.3174],[774939.858,4301286.866],[774967.0276,4301289.9662],[775033.3697,4301275.3849],[775107.4541,4301228.4656],[775142.07,4301191.3898],[775143.1164,4301118.7078],[775163.998,4301080.5983],[775216.0351,4300990.8317],[775315.9102,4301002.0608],[775361.4377,4301045.2794],[775405.06,4301038.8764],[775446.0861,4300981.7738],[775475.4613,4300963.2475],[775534.0357,4300906.487],[775530.8511,4300799.5564],[775580.1459,4300775.8047],[775666.8418,4300778.4887],[775751.6208,4300753.6522],[775827.1582,4300771.4498],[775916.7753,4300733.7203],[775979.0655,4300747.8101],[776056.669,4300721.1283],[776134.2195,4300694.4932],[776185.6167,4300652.9671],[776278.0939,4300629.1978],[776351.3602,4300595.0136],[776426.3654,4300559.841],[776528.6347,4300493.1424],[776565.4715,4300436.6353],[776651.056,4300417.3842],[776763.6143,4300364.0117],[776862.4583,4300334.7365],[776927.1626,4300314.443],[776991.7357,4300294.1609],[777058.0639,4300280.7201],[777034.1142,4300230.9711],[777021.0023,4300198.2433],[777051.8297,4300140.8996],[777102.2602,4300109.6436],[777152.2924,4300077.8902],[777214.6062,4300010.7584],[777287.5633,4299932.9895],[777360.4566,4299856.0382],[777457.7009,4299846.504],[777546.36,4299856.3929],[777589.9776,4299800.2604],[777578.1691,4299794.3318],[777603.5953,4299748.0797],[777608.1913,4299737.947],[777611.8142,4299728.8931],[777649.3899,4299726.9531],[777658.5734,4299715.4983],[777649.658,4299602.996],[777619.8032,4299508.7739],[777571.7151,4299457.5182],[777519.1309,4299473.828],[777457.1768,4299448.6748],[777375.0055,4299491.4569],[777250.5604,4299474.4444],[777202.1328,4299438.8638],[777177.5434,4299432.0348],[777147.0213,4299468.4493],[777092.6126,4299447.6013],[777043.0329,4299429.3763],[777021.5384,4299392.7297]]},"geometry_name":"shape","properties":{"layer":"0801DPMT","idtramo":3003,"provincia":"Alicante","referencia":"DL-57-AL","tm":"Jávea","estado":"A","om":"2008-12-04Z","sit_admin":"Aprobado (O.M. 05/12/2008)","tipo_linea":"Límite DPMT aprobado","label":"DL-57-AL (O.M. 05/12/2008)","figura":null,"id_segment":"3003001","vertices":"SI","shape_leng":4536.17943432},"bbox":[774908.7587,4299392.7297,777658.5734,4301289.9662]},{"type":"Feature","id":"dominio_publico_maritimo_terrestre.fid--5635244b_1a0dee0381f_60d0","geometry":{"type":"LineString","coordinates":[[774920.3663,4301183.9722],[774961.8283,4301188.7027],[774994.7238,4301181.4722],[775042.622,4301151.1363],[775043.1092,4301117.2717],[775043.5549,4301109.1697],[775044.6559,4301101.1305],[775046.4048,4301093.2068],[775048.7904,4301085.451],[775051.7967,4301077.9141],[775055.404,4301070.6457],[775076.8646,4301031.4787],[775129.5058,4300940.6681],[775134.3088,4300933.1724],[775139.7593,4300926.1334],[775145.814,4300919.6069],[775152.425,4300913.6445],[775159.5399,4300908.2935],[775167.1023,4300903.5965],[775175.0525,4300899.5904],[775183.3273,4300896.307],[775191.8611,4300893.7724],[775200.5866,4300892.0068],[775209.4343,4300891.0238],[775218.3344,4300890.8315],[775227.2163,4300891.4314],[775327.0918,4300902.6597],[775334.5474,4300903.7838],[775341.8971,4300905.4664],[775349.099,4300907.6979],[775356.1124,4300910.4656],[775362.8974,4300913.7538],[775369.4154,4300917.5439],[775375.284,4300911.1261],[775381.6879,4300905.2424],[775388.5786,4300899.937],[775395.9041,4300895.2502],[775413.3249,4300884.1822],[775432.7501,4300865.3583],[775430.8785,4300802.5314],[775431.0071,4300793.6748],[775431.9187,4300784.8643],[775433.6061,4300776.1688],[775436.0562,4300767.6568],[775439.2498,4300759.3948],[775443.1617,4300751.4476],[775447.7614,4300743.8778],[775453.0126,4300736.7444],[775458.8743,4300730.1037],[775465.3006,4300724.0074],[775472.2409,4300718.5037],[775479.6408,4300713.6355],[775487.4424,4300709.441],[775536.7374,4300685.6888],[775544.0765,4300682.5075],[775551.6463,4300679.9228],[775559.3984,4300677.9514],[775567.2832,4300676.6057],[775575.2503,4300675.8944],[775583.2487,4300675.8219],[775654.0204,4300678.0126],[775723.5096,4300657.655],[775731.864,4300655.5931],[775740.3649,4300654.257],[775748.9489,4300653.6566],[775757.5529,4300653.7963],[775766.1128,4300654.6749],[775774.5656,4300656.2861],[775818.3883,4300666.611],[775877.9734,4300641.5248],[775886.2924,4300638.449],[775894.8512,4300636.1223],[775903.5823,4300634.5629],[775912.4172,4300633.7833],[775921.2864,4300633.7893],[775930.1201,4300634.581],[775938.849,4300636.1521],[775973.425,4300643.9728],[776024.1568,4300626.5299],[776085.0735,4300605.6074],[776122.7645,4300575.1548],[776129.6464,4300570.0654],[776136.9381,4300565.5829],[776144.5863,4300561.7404],[776152.535,4300558.5657],[776160.726,4300556.0822],[776244.2178,4300534.6221],[776308.9887,4300504.4013],[776377.5823,4300472.2351],[776456.3539,4300420.8611],[776481.6849,4300382.0037],[776486.6718,4300375.027],[776492.2378,4300368.5032],[776498.3422,4300362.4801],[776504.9401,4300357.002],[776511.9828,4300352.1092],[776519.4188,4300347.8377],[776527.1934,4300344.2187],[776535.2492,4300341.279],[776543.5272,4300339.0401],[776618.2582,4300322.2303],[776720.764,4300273.6245],[776727.882,4300270.5808],[776735.2141,4300268.0967],[776833.291,4300239.0487],[776897.2322,4300218.9946],[776921.8308,4300211.2683],[776921.0647,4300202.3892],[776921.092,4300193.4771],[776921.9124,4300184.6028],[776923.5195,4300175.8367],[776925.9006,4300167.2484],[776929.0365,4300158.9062],[776932.9027,4300150.8761],[776963.7299,4300093.5332],[776968.1849,4300086.0473],[776973.2743,4300078.9775],[776978.9596,4300072.3772],[776985.1974,4300066.2966],[776991.9408,4300060.7818],[776999.1383,4300055.8746],[777049.1144,4300024.9005],[777087.7791,4300000.3617],[777141.4764,4299942.5133],[777214.7793,4299864.3765],[777287.8381,4299787.2513],[777294.2653,4299781.0464],[777301.2204,4299775.4399],[777308.6481,4299770.4761],[777316.4888,4299766.1949],[777324.6803,4299762.6304],[777333.1572,4299759.8112],[777341.8517,4299757.7594],[777350.6945,4299756.4916],[777447.9371,4299746.9583],[777454.8833,4299746.5207],[777461.8432,4299746.5671],[777468.7829,4299747.0976],[777488.764,4299749.3264],[777514.0848,4299703.2667],[777516.1593,4299698.6933],[777520.359,4299688.3771],[777524.24,4299680.5587],[777528.7879,4299673.1084],[777533.968,4299666.0828],[777539.7408,4299659.5357],[777546.0625,4299653.5167],[777552.8847,4299648.0718],[777550.8434,4299622.3103],[777535.0835,4299572.5697],[777526.9425,4299573.5458],[777518.749,4299573.8518],[777510.558,4299573.4857],[777502.4245,4299572.4499],[777494.4032,4299570.7514],[777486.5481,4299568.4014],[777478.9119,4299565.416],[777471.5458,4299561.8151],[777464.4996,4299557.6229],[777421.181,4299580.1759],[777413.2068,4299583.8913],[777404.9368,4299586.8918],[777396.4354,4299589.1539],[777387.768,4299590.6603],[777379.0019,4299591.3991],[777370.2049,4299591.3648],[777361.4449,4299590.5577],[777237.0022,4299573.544],[777229.3376,4299572.1905],[777221.8015,4299570.245],[777214.4395,4299567.7194],[777207.2963,4299564.6289],[777200.415,4299560.9923],[777193.8374,4299556.8316],[777186.1362,4299560.5002],[777178.1504,4299563.499],[777169.9382,4299565.8066],[777161.5593,4299567.4061],[777153.0746,4299568.2858],[777144.5458,4299568.4392],[777136.0351,4299567.8653],[777127.6042,4299566.5684],[777119.3145,4299564.5578],[777111.2265,4299561.8481],[777057.4564,4299541.2441],[777008.5186,4299523.2544],[777000.5826,4299519.9432],[776992.9603,4299515.9625],[776985.7082,4299511.3418],[776978.8798,4299506.115],[776972.5257,4299500.3211],[776966.6927,4299494.0028],[776961.4241,4299487.2066],[776956.7588,4299479.983],[776946.0374,4299461.7035]]},"geometry_name":"shape","properties":{"layer":"0805DPMT","idtramo":3003,"provincia":"Alicante","referencia":"DL-57-AL","tm":"Jávea","estado":"A","om":"2008-12-04Z","sit_admin":"Aprobado (O.M. 05/12/2008)","tipo_linea":"Límite SP aprobada","label":"DL-57-AL (O.M. 05/12/2008)","figura":null,"id_segment":"3003002","vertices":"SI","shape_leng":4079.41986622},"bbox":[774920.3663,4299461.7035,777552.8847,4301188.7027]},{"type":"Feature","id":"dominio_publico_maritimo_terrestre.fid--5635244b_1a0dee0381f_60d1","geometry":{"type":"LineString","coordinates":[[777019.9389,4299391.141],[777021.5384,4299392.7297]]},"geometry_name":"shape","properties":{"layer":"0801DPMT","idtramo":3000,"provincia":"Alicante","referencia":"Discontinuidad","tm":null,"estado":"T","om":null,"sit_admin":"Provisional o en tramitación","tipo_linea":"Límite DPMT provisional o en tramitación","label":"Discontinuidad","figura":null,"id_segment":"3000003","vertices":"NO","shape_leng":2.25441077296},"bbox":[777019.9389,4299391.141,777021.5384,4299392.7297]},{"type":"Feature","id":"dominio_publico_maritimo_terrestre.fid--5635244b_1a0dee0381f_60d2","geometry":{"type":"LineString","coordinates":[[776953.8294,4299322.3151],[776915.6885,4299273.7956],[776854.1253,4299267.0955],[776792.9584,4299260.4386],[776701.6773,4299250.5043],[776614.794,4299241.0487],[776600.1847,4299234.1391],[776581.6665,4299218.6781],[776587.0141,4299171.5688],[776575.1308,4299169.7234],[776577.1661,4299151.0431],[776550.8829,4299148.3027],[776558.5257,4299087.5245],[776568.2748,4299009.9966],[776489.297,4298974.785]]},"geometry_name":"shape","properties":{"layer":"0803DPMT","idtramo":3004,"provincia":"Alicante","referencia":"DL-64-AL","tm":"Jávea","estado":"A","om":"2003-05-28Z","sit_admin":"Aprobado (O.M. 29/05/2003)","tipo_linea":"Límite RM aprobada","label":"DL-64-AL (O.M. 29/05/2003)","figura":null,"id_segment":"3004001","vertices":"SI","shape_leng":735.193211259},"bbox":[776489.297,4298974.785,776953.8294,4299322.3151]},{"type":"Feature","id":"dominio_publico_maritimo_terrestre.fid--5635244b_1a0dee0381f_60d3","geometry":{"type":"LineString","coordinates":[[776946.0374,4299461.7035],[776939.0017,4299456.8722],[776935.5756,4299454.4116],[776908.9484,4299434.424],[776902.4091,4299429.0685],[776896.3455,4299423.1798],[776890.8008,4299416.8001],[776885.8148,4299409.9748],[776881.423,4299402.7527],[776877.6568,4299395.1856],[776874.5431,4299387.3273],[776873.4274,4299384.1221],[776869.723,4299377.1696],[776863.0487,4299368.6789],[776782.1309,4299359.8724],[776655.8916,4299346.1334],[776676.3671,4299293.4357]]},"geometry_name":"shape","properties":{"layer":"0805DPMT","idtramo":3004,"provincia":"Alicante","referencia":"DL-64-AL","tm":"Jávea","estado":"A","om":"2003-05-28Z","sit_admin":"Aprobado (O.M. 29/05/2003)","tipo_linea":"Límite SP aprobada","label":"DL-64-AL (O.M. 29/05/2003)","figura":null,"id_segment":"3004002","vertices":"SI","shape_leng":392.202629565},"bbox":[776655.8916,4299293.4357,776946.0374,4299461.7035]},{"type":"Feature","id":"dominio_publico_maritimo_terrestre.fid--5635244b_1a0dee0381f_60d4","geometry":{"type":"LineString","coordinates":[[776562.0408,4299214.2547],[776561.7946,4299216.4235],[776561.6937,4299219.712],[776562.1332,4299222.9725],[776563.1014,4299226.1169],[776564.5719,4299229.0599],[776566.505,4299231.722],[776568.8484,4299234.031],[776587.3666,4299249.4921],[776589.4132,4299250.9913],[776591.6332,4299252.2192],[776606.2425,4299259.1288],[776609.3605,4299260.2967],[776612.6289,4299260.9313],[776614.2566,4299261.1084]]},"geometry_name":"shape","properties":{"layer":"0805DPMT","idtramo":3004,"provincia":"Alicante","referencia":"DL-64-AL","tm":"Jávea","estado":"A","om":"2003-05-28Z","sit_admin":"Aprobado (O.M. 29/05/2003)","tipo_linea":"Límite SP aprobada","label":"DL-64-AL (O.M. 29/05/2003)","figura":null,"id_segment":"3004003","vertices":"SI","shape_leng":75.5776805065},"bbox":[776561.6937,4299214.2547,776614.2566,4299261.1084]},{"type":"Feature","id":"dominio_publico_maritimo_terrestre.fid--5635244b_1a0dee0381f_60d5","geometry":{"type":"LineString","coordinates":[[777019.9389,4299391.141],[776995.6097,4299374.4347],[776968.9826,4299354.447],[776965.2761,4299343.7989],[776953.8294,4299322.3151],[776923.2963,4299312.8653],[776886.8289,4299301.8843],[776733.0623,4299289.6994],[776731.7923,4299299.0371],[776676.3671,4299293.4357],[776659.1998,4299291.7008],[776657.5313,4299293.7124],[776614.2566,4299261.1084],[776593.4298,4299245.4171],[776566.7673,4299223.0828],[776567.9123,4299221.0682],[776562.0408,4299214.2547],[776551.4308,4299201.9428],[776549.6119,4299202.8215],[776536.2946,4299196.4983],[776519.1021,4299169.8508],[776513.9954,4299167.675],[776501.3562,4299147.6573],[776501.7886,4299140.8997],[776502.6353,4299134.8454],[776511.6043,4299117.4549],[776505.4941,4299106.3643],[776500.9473,4299105.0923],[776465.9076,4299082.7505],[776442.0248,4299074.9506],[776434.9856,4299052.8074],[776435.9108,4299042.8273],[776446.8486,4299025.9421],[776455.5245,4298994.244]]},"geometry_name":"shape","properties":{"layer":"0801DPMT","idtramo":3004,"provincia":"Alicante","referencia":"DL-64-AL","tm":"Jávea","estado":"A","om":"2003-05-28Z","sit_admin":"Aprobado (O.M. 29/05/2003)","tipo_linea":"Límite DPMT aprobado","label":"DL-64-AL (O.M. 29/05/2003)","figura":null,"id_segment":"3004004","vertices":"SI","shape_leng":830.779637827},"bbox":[776434.9856,4298994.244,777019.9389,4299391.141]},{"type":"Feature","id":"dominio_publico_maritimo_terrestre.fid--5635244b_1a0dee0381f_60d6","geometry":{"type":"LineString","coordinates":[[777174.5905,4296722.3389],[777214.8899,4296673.708],[777215.2889,4296668.3655],[777211.6624,4296671.3798],[777195.3237,4296663.2982],[777194.243,4296663.9656],[777183.502,4296675.9295],[777165.6273,4296680.9636],[777140.014,4296683.7352],[777076.15,4296680.208],[777058.4788,4296670.8978],[777056.925,4296668.899],[777035.035,4296670.496],[777036.008,4296673.307],[776977.0454,4296676.448],[776916.826,4296679.656],[776887.549,4296676.03],[776880.946,4296675.894],[776874.209,4296678.958],[776849.424,4296698.644],[776836.414,4296718.026],[776825.285,4296739.206],[776786.6095,4296801.7078],[776747.425,4296865.032],[776733.962,4296892.917],[776722.116,4296908.172],[776710.548,4296915.94],[776691.474,4296921],[776679.233,4296920.795],[776635.895,4296910.494],[776597.579,4296895.993],[776581.094,4296893.071],[776544.81,4296896.113],[776599.993,4296849.89],[776614.205,4296880.363],[776638.767,4296891.33],[776659.749,4296895.518],[776670.569,4296896.371],[776690.343,4296891.885],[776704.71,4296882.217],[776714.927,4296869.957],[776736.853,4296836.054],[776770.8586,4296780.897],[776804.1819,4296725.8819],[776802.884,4296724.546],[776790.801,4296721.871],[776778.044,4296719.035],[776777.397,4296720.019],[776782.503,4296723.148],[776759.262,4296761.685],[776741.226,4296750.631],[776750.612,4296735.196],[776743.818,4296731.129],[776741.305,4296727.757],[776729.515,4296717.151],[776762.497,4296680.535],[776804.803,4296629.774],[776818.42,4296641.116],[776822.489,4296642.517],[776828.906,4296646.399],[776796.491,4296700.066],[776791.369,4296696.926],[776789.55,4296699.979],[776789.901,4296701.517],[776794.435,4296704.228],[776800.69,4296705.583],[776812.295,4296708.239],[776814.6645,4296708.7291],[776842.838,4296662.628],[776879.088,4296647.986],[776910.698,4296649.432],[776928.852,4296647.842],[776975.084,4296631.607],[776992.667,4296623.425],[777000.051,4296622.197],[777008.107,4296628.071],[777015.8992,4296644.3397],[777025.212,4296650.739],[777047.95,4296650.013],[777030.0282,4296611.2354],[777018.5036,4296586.2996],[777018.1048,4296581.392],[777040.176,4296567.3796],[777055.1331,4296557.8837],[777054.9807,4296495.3838],[777054.8283,4296432.884],[777061.1991,4296408.7094],[777103.4317,4296370.3543],[777159.0591,4296327.1374],[777238.5648,4296283.7106],[777287.5795,4296257.2812],[777288.3822,4296246.5046],[777292.9054,4296185.7784],[777351.2291,4296186.5162],[777350.7961,4296226.7096],[777350.5765,4296247.097],[777359.2566,4296255.1441],[777360.5009,4296255.7473],[777366.4309,4296261.0544],[777369.9415,4296265.0498],[777387.0934,4296280.9509],[777392.3413,4296298.8673],[777409.2112,4296319.5466],[777456.077,4296376.995],[777472.288,4296366.852],[777512.6675,4296331.3335],[777553.047,4296295.815],[777613.6838,4296242.0316],[777674.3206,4296188.2483],[777734.9574,4296134.4649],[777760.09,4296129.515],[777790.8246,4296147.076],[777797.5616,4296155.1083],[777809.592,4296145.818],[777808.73,4296125.771],[777820.138,4296107.292],[777847.5531,4296010.3112],[777876.6104,4295995.5653],[777902.7662,4295974.0596],[777907.2335,4295979.133],[777926.5775,4295963.1383],[777941.233,4295943.783],[777938.365,4295931.226],[777983.659,4295886.658],[778028.953,4295842.09],[778073.5145,4295795.4155],[778118.076,4295748.741],[778162.144,4295699.247],[778211.817,4295650.64],[778258.748,4295601.087],[778317.7093,4295550.7128],[778336.142,4295524.067],[778358.721,4295513.367],[778384.669,4295501.651],[778421.859,4295464.726],[778438.078,4295429.284],[778447.937,4295410.215],[778509.2279,4295335.0324],[778548.8717,4295296.2446],[778582.4409,4295266.4942],[778606.5628,4295254.0731]]},"geometry_name":"shape","properties":{"layer":"0801DPMT","idtramo":3005,"provincia":"Alicante","referencia":"DES01/13/03/0007","tm":"Jávea","estado":"A","om":"2016-04-26Z","sit_admin":"Aprobado (O.M. 27/04/2016)","tipo_linea":"Límite DPMT aprobado","label":"DES01/13/03/0007 (O.M. 27/04/2016)","figura":null,"id_segment":"3005001","vertices":"SI","shape_leng":4547.44146764},"bbox":[776544.81,4295254.0731,778606.5628,4296921]},{"type":"Feature","id":"dominio_publico_maritimo_terrestre.fid--5635244b_1a0dee0381f_60d7","geometry":{"type":"LineString","coordinates":[[776347.2987,4298670.4391],[776338.5302,4298670.2291],[776334.109,4298670.1232],[776333.741,4298695.66],[776338.1029,4298695.5875],[776347.347,4298695.434],[776347.075,4298687.145],[776347.2987,4298670.4391]]},"geometry_name":"shape","properties":{"layer":"0801DPMT","idtramo":3005,"provincia":"Alicante","referencia":"DES01/13/03/0007","tm":"Jávea","estado":"A","om":"2016-04-26Z","sit_admin":"Aprobado (O.M. 27/04/2016)","tipo_linea":"Límite DPMT aprobado","label":"DES01/13/03/0007 (O.M. 27/04/2016)","figura":"Isleta 5","id_segment":"3005003","vertices":"SI","shape_leng":77.3416699264},"bbox":[776333.741,4298670.1232,776347.347,4298695.66]},{"type":"Feature","id":"dominio_publico_maritimo_terrestre.fid--5635244b_1a0dee0381f_60d8","geometry":{"type":"LineString","coordinates":[[776361.3127,4298854.4769],[776354.9907,4298835.7906],[776354.5179,4298834.1712],[776348.5593,4298810.0174],[776348.2709,4298808.6425],[776344.445,4298786.5674],[776344.2362,4298784.9944],[776342.4784,4298765.9922],[776342.3942,4298763.9673],[776342.5917,4298742.3366],[776341.2146,4298736.5845],[776340.9611,4298735.3569],[776338.0551,4298718.6579],[776337.8187,4298716.7738],[776337.7621,4298714.8757],[776338.1029,4298695.5875]]},"geometry_name":"shape","properties":{"layer":"0805DPMT","idtramo":3005,"provincia":"Alicante","referencia":"DES01/13/03/0007","tm":"Jávea","estado":"A","om":"2016-04-26Z","sit_admin":"Aprobado (O.M. 27/04/2016)","tipo_linea":"Límite SP aprobada","label":"DES01/13/03/0007 (O.M. 27/04/2016)","figura":null,"id_segment":"3005010","vertices":"SI","shape_leng":161.636230921},"bbox":[776337.7621,4298695.5875,776361.3127,4298854.4769]},{"type":"Feature","id":"dominio_publico_maritimo_terrestre.fid--5635244b_1a0dee0381f_60d9","geometry":{"type":"LineString","coordinates":[[776324.197,4298443.8466],[776321.8143,4298436.2872],[776321.1399,4298433.4312],[776320.8906,4298430.5073],[776321.0719,4298427.5784],[776321.7608,4298422.5153],[776329.7618,4298363.7133],[776335.0026,4298324.1966],[776341.5764,4298274.6305],[776341.6886,4298273.8908],[776350.1118,4298224.6054],[776350.5548,4298222.6247],[776364.3586,4298172.9012],[776378.38,4298125.5538],[776401.1843,4298045.529],[776424.5373,4297972.252],[776424.9975,4297970.9625],[776451.808,4297903.2475],[776478.7426,4297835.2189],[776500.4502,4297785.3708],[776501.1024,4297784.0149],[776534.0239,4297721.6879],[776566.713,4297659.801],[776596.3852,4297596.1461],[776625.9007,4297533.119],[776626.3213,4297532.2734],[776658.7385,4297470.7873],[776690.4252,4297401.7502],[776691.3993,4297399.8916],[776724.7093,4297343.7206],[776725.4309,4297342.5918],[776760.8066,4297291.134],[776806.2064,4297221.8071],[776858.8702,4297141.5517],[776884.8872,4297104.126],[776937.6241,4297025.1498],[776952.2712,4296985.1567],[776959.0907,4296960.9224],[776959.9622,4296958.4568],[776961.1479,4296956.1259],[776969.2769,4296942.4409],[776970.8997,4296940.105],[777002.8617,4296900.446],[777034.8237,4296860.787],[777036.0259,4296859.4265],[777064.5153,4296831.3403],[777072.8663,4296825.0771],[777083.7804,4296811.1865],[777087.4184,4296801.5953],[777087.4184,4296792.6656],[777086.0955,4296778.7749],[777086.0818,4296778.5017],[777085.1614,4296774.7095],[777082.8028,4296766.6301],[777076.0177,4296760.3921],[777070.7228,4296749.6302],[777066.2228,4296735.8903],[777054.0805,4296710.989],[777045.8559,4296692.8107],[776917.8899,4296699.6277],[776916.1261,4296699.6438],[776914.3678,4296699.5044],[776886.1102,4296696.0046],[776885.0837,4296695.9835],[776884.7248,4296696.1467],[776864.2973,4296712.3716],[776853.6188,4296728.2802],[776842.9897,4296748.5089],[776842.2923,4296749.7299],[776764.9817,4296874.668],[776751.9727,4296901.6126],[776750.9597,4296903.4564],[776749.7586,4296905.1835],[776737.9126,4296920.4385],[776735.7625,4296922.793],[776733.2656,4296924.7758],[776721.6976,4296932.5438],[776718.8004,4296934.158],[776715.6763,4296935.2713],[776696.6023,4296940.3313],[776693.8937,4296940.8531],[776691.1391,4296940.9972],[776678.8981,4296940.7922],[776676.7385,4296940.6388],[776674.6081,4296940.2529],[776631.2701,4296929.9519],[776628.8159,4296929.1992],[776592.248,4296915.3598],[776580.1687,4296913.2187],[776546.4809,4296916.0431],[776543.1143,4296916.041],[776539.7957,4296915.4742],[776536.6192,4296914.3589],[776533.6747,4296912.7265],[776531.0459,4296910.6233],[776528.807,4296908.109],[776527.0216,4296905.2548],[776525.7402,4296902.1416],[776524.9992,4296898.8575],[776524.8195,4296895.4956],[776525.2063,4296892.1513],[776526.1485,4296888.9192],[776527.6196,4296885.891],[776529.5777,4296883.1524],[776531.9675,4296880.781],[776587.1505,4296834.558],[776589.8694,4296832.6415],[776592.8683,4296831.2021],[776596.0643,4296830.2796],[776599.369,4296829.8997],[776602.691,4296830.0728],[776605.9383,4296830.7941],[776609.0212,4296832.0436],[776611.8543,4296833.7869],[776614.3593,4296835.9756],[776616.4669,4296838.5492],[776618.1187,4296841.4366],[776629.1754,4296865.1442],[776644.8771,4296872.1551],[776662.5019,4296875.673],[776669.1095,4296876.1939],[776682.2758,4296873.2069],[776691.1744,4296867.2188],[776698.7892,4296858.0813],[776719.9418,4296825.3742],[776748.7266,4296778.6854],[776759.262,4296761.685]]},"geometry_name":"shape","properties":{"layer":"0805DPMT","idtramo":3005,"provincia":"Alicante","referencia":"DES01/13/03/0007","tm":"Jávea","estado":"A","om":"2016-04-26Z","sit_admin":"Aprobado (O.M. 27/04/2016)","tipo_linea":"Límite SP aprobada","label":"DES01/13/03/0007 (O.M. 27/04/2016)","figura":null,"id_segment":"3005011","vertices":"SI","shape_leng":2967.53702028},"bbox":[776320.8906,4296692.8107,777087.4184,4298443.8466]},{"type":"Feature","id":"dominio_publico_maritimo_terrestre.fid--5635244b_1a0dee0381f_60da","geometry":{"type":"LineString","coordinates":[[776456.4834,4298972.6089],[776433.8038,4298952.7185],[776433.1832,4298952.1508],[776398.4192,4298918.9749],[776397.2046,4298917.7095],[776396.1055,4298916.3425],[776380.3877,4298894.9344],[776380.0058,4298894.2116]]},"geometry_name":"shape","properties":{"layer":"0805DPMT","idtramo":3005,"provincia":"Alicante","referencia":"DES01/13/03/0007","tm":"Jávea","estado":"A","om":"2016-04-26Z","sit_admin":"Aprobado (O.M. 27/04/2016)","tipo_linea":"Límite SP aprobada","label":"DES01/13/03/0007 (O.M. 27/04/2016)","figura":null,"id_segment":"3005016","vertices":"SI","shape_leng":109.945127306},"bbox":[776380.0058,4298894.2116,776456.4834,4298972.6089]},{"type":"Feature","id":"dominio_publico_maritimo_terrestre.fid--5635244b_1a0dee0381f_60db","geometry":{"type":"LineString","coordinates":[[778577.1996,4295246.6886],[778573.2537,4295248.7292],[778571.128,4295250.0013],[778569.1758,4295251.5264],[778535.2374,4295281.604],[778495.241,4295320.7367],[778493.7263,4295322.3951],[778432.4354,4295397.5777],[778431.2139,4295399.2451],[778430.171,4295401.0297],[778420.0916,4295420.5251],[778405.1864,4295453.0962],[778373.1433,4295484.9109],[778350.3227,4295495.2148],[778327.5772,4295505.9937],[778324.5718,4295507.7535],[778321.9172,4295510.008],[778319.694,4295512.6888],[778302.7408,4295537.1959],[778245.7566,4295585.881],[778244.2269,4295587.3343],[778197.5573,4295636.6112],[778148.1561,4295684.9523],[778147.2068,4295685.9474],[778103.3701,4295735.1816],[778059.0487,4295781.6046],[778014.7029,4295828.0532],[777969.6316,4295872.4021],[777939.5424,4295902.009],[777924.3376,4295916.9701],[777922.1318,4295919.5434],[777920.3922,4295922.4523],[777919.1688,4295925.6131],[777918.4966,4295928.9352],[777918.3951,4295932.323],[777918.8671,4295935.6793],[777919.734,4295939.4749],[777912.5671,4295949.5124],[777906.506,4295953.9917],[777903.0953,4295953.7104],[777899.6866,4295954.0147],[777896.3797,4295954.8957],[777893.2714,4295956.3276],[777890.4527,4295958.2684],[777865.5984,4295978.7257],[777838.5023,4295992.4763],[777835.6936,4295994.2068],[777833.2076,4295996.3754],[777831.1118,4295998.9233],[777829.4635,4296001.7809],[777828.3073,4296004.8707],[777825.7161,4296014.0371],[777801.6522,4296099.1631],[777788.4845,4296120.4924],[777788.5821,4296122.7602],[777770.0121,4296112.1497],[777767.4414,4296110.915],[777764.7212,4296110.0586],[777761.9068,4296109.5977],[777759.0555,4296109.5418],[777756.2252,4296109.892],[777731.0926,4296114.8418],[777728.5288,4296115.5262],[777726.0781,4296116.544],[777723.7837,4296117.8772],[777721.6861,4296119.5025],[777661.0493,4296173.2859],[777600.4125,4296227.0692],[777539.8066,4296280.8252],[777499.4582,4296316.3164],[777460.4084,4296350.6652],[777428.5888,4296314.596],[777427.498,4296311.4477],[777425.8998,4296308.5242],[777423.8383,4296305.9066],[777421.3709,4296303.6675],[777418.566,4296301.8692],[777413.7586,4296295.035],[777409.7369,4296294.0291],[777399.7734,4296283.6039],[777397.8853,4296281.2659],[777397.8302,4296278.2638],[777397.3264,4296275.3037],[777396.385,4296272.4524],[777396.1855,4296269.5644],[777395.5711,4296266.7355],[777394.5548,4296264.0249],[777393.1578,4296261.4894],[777391.4094,4296259.1822],[777380.664,4296246.9527],[777371.7269,4296238.952],[777361.1174,4296234.3555],[777350.7961,4296226.7096]]},"geometry_name":"shape","properties":{"layer":"0805DPMT","idtramo":3005,"provincia":"Alicante","referencia":"DES01/13/03/0007","tm":"Jávea","estado":"A","om":"2016-04-26Z","sit_admin":"Aprobado (O.M. 27/04/2016)","tipo_linea":"Límite SP aprobada","label":"DES01/13/03/0007 (O.M. 27/04/2016)","figura":null,"id_segment":"3005014","vertices":"SI","shape_leng":1801.17196138},"bbox":[777350.7961,4295246.6886,778577.1996,4296350.6652]},{"type":"Feature","id":"dominio_publico_maritimo_terrestre.fid--5635244b_1a0dee0381f_60dc","geometry":{"type":"LineString","coordinates":[[776828.906,4296646.399],[776852.3594,4296637.2123],[776871.5976,4296629.4416],[776874.3207,4296628.5625],[776877.1414,4296628.081],[776880.0019,4296628.0069],[776910.2806,4296629.392],[776924.5999,4296628.1378],[776967.5337,4296613.0611],[776984.2291,4296605.2921],[776986.7535,4296604.3193],[776989.386,4296603.696],[776996.77,4296602.468],[776999.9344,4296602.1974],[777003.1017,4296602.4311],[777006.192,4296603.1632],[777009.1276,4296604.3752],[777011.8342,4296606.0367],[777023.9658,4296614.8824],[777024.7393,4296616.4972],[777030.0282,4296611.2354]]},"geometry_name":"shape","properties":{"layer":"0805DPMT","idtramo":3005,"provincia":"Alicante","referencia":"DES01/13/03/0007","tm":"Jávea","estado":"A","om":"2016-04-26Z","sit_admin":"Aprobado (O.M. 27/04/2016)","tipo_linea":"Límite SP aprobada","label":"DES01/13/03/0007 (O.M. 27/04/2016)","figura":null,"id_segment":"3005012","vertices":"SI","shape_leng":216.164862348},"bbox":[776828.906,4296602.1974,777030.0282,4296646.399]},{"type":"Feature","id":"dominio_publico_maritimo_terrestre.fid--5635244b_1a0dee0381f_60dd","geometry":{"type":"LineString","coordinates":[[777040.176,4296567.3796],[777040.6397,4296536.5796],[777041.0593,4296491.7907],[777039.7285,4296480.5955],[777039.5898,4296478.4481],[777039.6826,4296476.2983],[777042.1053,4296451.3928],[777043.7721,4296437.4763],[777044.1976,4296435.1247],[777044.9005,4296432.8406],[777047.5236,4296425.836],[777051.6777,4296414.5696],[777059.7113,4296400.3987],[777068.1906,4296387.0426],[777069.891,4296384.7453],[777071.9014,4296382.7138],[777074.1809,4296380.9897],[777083.8318,4296374.721],[777109.2223,4296353.5011],[777125.3014,4296341.3466],[777142.7469,4296326.6117],[777152.6287,4296320.6419],[777171.3377,4296309.236],[777182.6779,4296301.3599],[777185.6258,4296299.6645],[777188.8183,4296298.493],[777196.903,4296296.2854],[777210.7169,4296288.7912],[777247.513,4296268.6649],[777288.3822,4296246.5046]]},"geometry_name":"shape","properties":{"layer":"0805DPMT","idtramo":3005,"provincia":"Alicante","referencia":"DES01/13/03/0007","tm":"Jávea","estado":"A","om":"2016-04-26Z","sit_admin":"Aprobado (O.M. 27/04/2016)","tipo_linea":"Límite SP aprobada","label":"DES01/13/03/0007 (O.M. 27/04/2016)","figura":null,"id_segment":"3005013","vertices":"SI","shape_leng":449.345256496},"bbox":[777039.5898,4296246.5046,777288.3822,4296567.3796]},{"type":"Feature","id":"dominio_publico_maritimo_terrestre.fid--5635244b_1a0dee0381f_60de","geometry":{"type":"LineString","coordinates":[[777195.3237,4296663.2982],[777185.662,4296663.315],[777127.984,4296670.856],[777077.505,4296671.638],[777056.925,4296668.899]]},"geometry_name":"shape","properties":{"layer":"0803DPMT","idtramo":3005,"provincia":"Alicante","referencia":"DES01/13/03/0007","tm":"Jávea","estado":"A","om":"2016-04-26Z","sit_admin":"Aprobado (O.M. 27/04/2016)","tipo_linea":"Límite RM aprobada","label":"DES01/13/03/0007 (O.M. 27/04/2016)","figura":null,"id_segment":"3005005","vertices":"SI","shape_leng":139.077116648},"bbox":[777056.925,4296663.2982,777195.3237,4296671.638]},{"type":"Feature","id":"dominio_publico_maritimo_terrestre.fid--5635244b_1a0dee0381f_60df","geometry":{"type":"LineString","coordinates":[[776489.297,4298974.785],[776446.991,4298937.682],[776412.227,4298904.5061],[776397.3822,4298884.2871],[776383.8409,4298858.658],[776373.9358,4298829.381],[776367.9771,4298805.2271],[776364.1512,4298783.1521],[776362.3934,4298764.1499],[776362.6133,4298740.066],[776360.665,4298731.928],[776357.759,4298715.229]]},"geometry_name":"shape","properties":{"layer":"0803DPMT","idtramo":3005,"provincia":"Alicante","referencia":"DES01/13/03/0007","tm":"Jávea","estado":"A","om":"2016-04-26Z","sit_admin":"Aprobado (O.M. 27/04/2016)","tipo_linea":"Límite RM aprobada","label":"DES01/13/03/0007 (O.M. 27/04/2016)","figura":null,"id_segment":"3005009","vertices":"SI","shape_leng":305.070299051},"bbox":[776357.759,4298715.229,776489.297,4298974.785]},{"type":"Feature","id":"dominio_publico_maritimo_terrestre.fid--5635244b_1a0dee0381f_60e0","geometry":{"type":"LineString","coordinates":[[777130.2756,4296794.6032],[777137.3497,4296785.9462],[777143.5558,4296791.0175],[777174.0823,4296750.0198],[777177.0198,4296751.9758],[777191.6407,4296761.3496],[777196.2799,4296759.3501],[777197.586,4296755.7862],[777203.1647,4296745.4511],[777206.7021,4296740.0897],[777212.762,4296729.0198],[777217.232,4296719.3898],[777222.8919,4296712.3298],[777236.6917,4296688.9699],[777244.8917,4296682.0699],[777248.5637,4296670.1878],[777248.2176,4296666.1953],[777246.4244,4296662.233],[777244.244,4296649.1508],[777243.8955,4296640.5076],[777242.9739,4296638.9945],[777241.9438,4296631.6554],[777233.4072,4296630.1877],[777227.6242,4296644.8334],[777218.7232,4296666.4811],[777215.2889,4296668.3655]]},"geometry_name":"shape","properties":{"layer":"0803DPMT","idtramo":3005,"provincia":"Alicante","referencia":"DES01/13/03/0007","tm":"Jávea","estado":"A","om":"2016-04-26Z","sit_admin":"Aprobado (O.M. 27/04/2016)","tipo_linea":"Límite RM aprobada","label":"DES01/13/03/0007 (O.M. 27/04/2016)","figura":null,"id_segment":"3005004","vertices":"SI","shape_leng":291.975038505},"bbox":[777130.2756,4296630.1877,777248.5637,4296794.6032]},{"type":"Feature","id":"dominio_publico_maritimo_terrestre.fid--5635244b_1a0dee0381f_60e1","geometry":{"type":"LineString","coordinates":[[777409.2112,4296319.5466],[777407.3857,4296320.7371],[777401.6836,4296312.631],[777399.271,4296312.0276],[777395.9623,4296308.5633],[777385.3147,4296297.4223],[777383.9668,4296293.7494],[777374.4978,4296283.2337],[777377.9173,4296280.1307],[777373.5715,4296275.0536],[777376.3851,4296272.3833],[777369.9415,4296265.0498]]},"geometry_name":"shape","properties":{"layer":"0803DPMT","idtramo":3005,"provincia":"Alicante","referencia":"DES01/13/03/0007","tm":"Jávea","estado":"A","om":"2016-04-26Z","sit_admin":"Aprobado (O.M. 27/04/2016)","tipo_linea":"Límite RM aprobada","label":"DES01/13/03/0007 (O.M. 27/04/2016)","figura":null,"id_segment":"3005008","vertices":"SI","shape_leng":77.7832354045},"bbox":[777369.9415,4296265.0498,777409.2112,4296320.7371]},{"type":"Feature","id":"dominio_publico_maritimo_terrestre.fid--5635244b_1a0dee0381f_60e2","geometry":{"type":"LineString","coordinates":[[777359.2566,4296255.1441],[777351.2605,4296251.9568],[777343.9087,4296246.5028],[777336.5225,4296246.8488],[777328.7135,4296248.1155],[777323.2907,4296250.3272],[777257.0725,4296286.2324],[777220.1653,4296306.4189],[777204.3475,4296315.0003],[777194.2164,4296317.6966],[777182.0279,4296326.1618],[777163.2228,4296337.6112],[777154.6332,4296342.7158],[777137.7989,4296356.9711],[777121.8283,4296369.0284],[777095.7314,4296390.8411],[777085.0747,4296397.7558],[777076.7583,4296410.8623],[777069.8827,4296423.0086],[777066.4381,4296432.3568],[777063.631,4296439.8525],[777061.9728,4296453.7251],[777059.5887,4296478.2346],[777061.0704,4296490.6995],[777060.6394,4296536.7527],[777059.5351,4296610.0914]]},"geometry_name":"shape","properties":{"layer":"0803DPMT","idtramo":3005,"provincia":"Alicante","referencia":"DES01/13/03/0007","tm":"Jávea","estado":"A","om":"2016-04-26Z","sit_admin":"Aprobado (O.M. 27/04/2016)","tipo_linea":"Límite RM aprobada","label":"DES01/13/03/0007 (O.M. 27/04/2016)","figura":null,"id_segment":"3005007","vertices":"SI","shape_leng":538.42820723},"bbox":[777059.5351,4296246.5028,777359.2566,4296610.0914]},{"type":"Feature","id":"dominio_publico_maritimo_terrestre.fid--5635244b_1a0dee0381f_60e3","geometry":{"type":"LineString","coordinates":[[777047.95,4296650.013],[777043.4193,4296635.7966],[777051.1112,4296632.2242],[777046.5908,4296622.9695],[777059.5351,4296610.0914]]},"geometry_name":"shape","properties":{"layer":"0803DPMT","idtramo":3005,"provincia":"Alicante","referencia":"DES01/13/03/0007","tm":"Jávea","estado":"A","om":"2016-04-26Z","sit_admin":"Aprobado (O.M. 27/04/2016)","tipo_linea":"Límite RM aprobada","label":"DES01/13/03/0007 (O.M. 27/04/2016)","figura":null,"id_segment":"3005006","vertices":"SI","shape_leng":51.960838907},"bbox":[777043.4193,4296610.0914,777059.5351,4296650.013]},{"type":"Feature","id":"dominio_publico_maritimo_terrestre.fid--5635244b_1a0dee0381f_60e4","geometry":{"type":"LineString","coordinates":[[776338.5302,4298670.2291],[776339.2599,4298597.5385],[776336.7821,4298535.7812],[776334.864,4298487.9766],[776334.391,4298476.1887],[776331.2838,4298466.3305]]},"geometry_name":"shape","properties":{"layer":"0805DPMT","idtramo":3005,"provincia":"Alicante","referencia":"DES01/13/03/0007","tm":"Jávea","estado":"A","om":"2016-04-26Z","sit_admin":"Aprobado (O.M. 27/04/2016)","tipo_linea":"Límite SP aprobada","label":"DES01/13/03/0007 (O.M. 27/04/2016)","figura":null,"id_segment":"3005015","vertices":"SI","shape_leng":204.477985784},"bbox":[776331.2838,4298466.3305,776339.2599,4298670.2291]},{"type":"Feature","id":"dominio_publico_maritimo_terrestre.fid--5635244b_1a0dee0381f_60e5","geometry":{"type":"LineString","coordinates":[[776320.851,4290118.6582],[776294.5489,4290073.1202],[776259.1847,4290011.881],[776232.2094,4289947.0945],[776224.2597,4289928.0017],[776169.7383,4289871.8962],[776103.1022,4289827.5995],[776036.4662,4289783.3029],[775969.8008,4289738.9944],[775927.8218,4289681.4111],[775871.8684,4289647.9057],[775817.0605,4289684.8276],[775758.1928,4289696.0291],[775687.1075,4289676.4301],[775614.3263,4289587.9982],[775524.598,4289529.7777],[775442.825,4289457.2447],[775423.3514,4289483.072],[775344.6221,4289450.9045],[775331.5785,4289348.8788],[775306.8248,4289262.0256],[775294.4593,4289244.0914],[775220.4836,4289136.8012],[775222.4138,4289106.478],[775205.3701,4289072.9683],[775190.4656,4289046.2133],[775174.04,4288777.4765],[775154.2542,4288702.6535],[775118.5049,4288650.3199],[775057.7428,4288561.3699],[775049.7291,4288549.6387],[775025.9586,4288548.753],[775033.4918,4288525.8687],[775009.7856,4288491.1651],[774972.1231,4288464.1347],[774969.9438,4288450.6757],[774951.3697,4288432.6228],[774935.8676,4288414.5611],[774935.66,4288396.4997],[774906.0116,4288372.1662],[774809.0294,4288365.0051],[774747.0949,4288272.1587],[774736.9875,4288185.7584],[774669.4949,4288136.4864],[774599.8641,4288093.6701],[774583.1885,4288040.9057],[774485.722,4288044.134],[774398.099,4288047.0459]]},"geometry_name":"shape","properties":{"layer":"0801DPMT","idtramo":3007,"provincia":"Alicante","referencia":"DES01/15/03/0005","tm":"Benitachell","estado":"A","om":"2017-08-23Z","sit_admin":"Aprobado (O.M. 24/08/2017)","tipo_linea":"Límite DPMT aprobado","label":"DES01/15/03/0005 (O.M. 24/08/2017)","figura":null,"id_segment":"3007001","vertices":"SI","shape_leng":3250.41271712},"bbox":[774398.099,4288040.9057,776320.851,4290118.6582]},{"type":"Feature","id":"dominio_publico_maritimo_terrestre.fid--5635244b_1a0dee0381f_60e6","geometry":{"type":"LineString","coordinates":[[774306.6176,4288087.2145],[774308.9516,4288092.1926],[774309.1436,4288092.5709],[774310.8904,4288096.013],[774311.7062,4288097.3327],[774313.5091,4288100.2494],[774315.3082,4288103.16],[774316.4291,4288104.6728],[774318.7235,4288107.7695],[774320.3102,4288109.911],[774321.2996,4288111.0352],[774325.8612,4288116.2184],[774331.9219,4288122.0376],[774338.4497,4288127.3276],[774345.3984,4288132.0511],[774352.7191,4288136.1746],[774360.36,4288139.6692],[774368.2672,4288142.5101],[774376.3849,4288144.6774],[774384.6559,4288146.1556],[774393.0218,4288146.9345],[774401.4234,4288147.0084],[774489.0355,4288144.097],[774513.0318,4288143.3022],[774517.4667,4288150.3611],[774522.4741,4288157.0261],[774528.019,4288163.251],[774534.0631,4288168.9925],[774540.5643,4288174.2107],[774547.4774,4288178.8695],[774572.7433,4288194.4057],[774613.7282,4288219.6075],[774638.7952,4288237.9073],[774638.9294,4288237.9849],[774642.7407,4288240.7673],[774647.7655,4288283.7204],[774648.5408,4288288.7875],[774650.9178,4288283.974],[774655.4554,4288275.2295],[774668.3142,4288258.5607],[774687.3642,4288238.2407],[774723.5593,4288242.8444],[774727.6868,4288277.2932],[774729.7506,4288282.6907],[774761.9025,4288330.3975],[774767.6545,4288339.0262],[774792.3948,4288376.1087],[774794.26,4288378.4908],[774796.4631,4288380.5643],[774798.9539,4288382.2818],[774801.6752,4288383.6039],[774804.5648,4288384.5004],[774807.5565,4288384.9508],[774819.1299,4288385.8054],[774826.314,4288408.3606],[774833.183,4288428.3442],[774839.4537,4288445.8067],[774846.4563,4288465.6328],[774852.8063,4288472.4062],[774877.783,4288497.9121],[774890.1656,4288510.8238],[774899.5847,4288521.0896],[774920.4672,4288544.0697],[774936.2437,4288561.7634],[774961.0088,4288582.7185],[774968.4171,4288620.7127],[774978.4713,4288628.1211],[774998.7107,4288642.9113],[775014.5857,4288676.5664],[775034.5882,4288705.9881],[775046.4416,4288723.1331],[775061.3553,4288745.4331],[775070.4173,4288779.2337],[775074.2758,4288794.7913],[775076.1669,4288815.3271],[775076.3645,4288818.5266],[775077.4487,4288829.4723],[775078.2755,4288844.3552],[775101.4694,4288882.7004],[775102.7607,4288886.1437],[775119.4722,4288943.6806],[775125.1397,4288962.6282],[775125.7186,4288965.5229],[775133.8238,4288981.3474],[775138.4554,4288990.0315],[775144.6308,4289002.1893],[775151.2512,4289015.1121],[775161.7287,4289035.2734],[775179.1383,4289069.6693],[775192.4734,4289095.3075],[775201.9487,4289113.1486],[775200.524,4289135.5307],[775200.5901,4289138.8622],[775201.2084,4289142.1365],[775202.3617,4289145.2627],[775204.0181,4289148.154],[775211.0723,4289158.3851],[775210.5323,4289162.2274],[775205.4391,4289190.5379],[775202.2641,4289206.0822],[775201.0734,4289212.1676],[775199.7505,4289216.3348],[775198.077,4289221.8778],[775195.2989,4289228.8628],[775191.5683,4289237.1972],[775190.2189,4289241.7216],[775188.4726,4289247.516],[775187.7583,4289251.961],[775186.9645,4289258.7873],[775186.8684,4289263.6883],[775186.9248,4289264.7999],[775215.1465,4289305.2574],[775233.3248,4289369.0398],[775246.2944,4289462.2854],[775248.1925,4289474.9984],[775249.3953,4289479.2042],[775252.0411,4289487.4724],[775255.865,4289497.0079],[775260.2594,4289504.6287],[775265.3065,4289511.834],[775270.9671,4289518.5679],[775277.1975,4289524.7783],[775283.9495,4289530.4173],[775291.1708,4289535.4413],[775298.8057,4289539.8112],[775306.7949,4289543.4934],[775385.5196,4289575.656],[775393.1761,4289578.4268],[775401.0325,4289580.5656],[775409.0369,4289582.0582],[775417.1362,4289582.8948],[775425.2766,4289583.0698],[775433.4043,4289582.582],[775458.2303,4289604.6028],[775464.0244,4289609.3663],[775470.1592,4289613.6821],[775546.9226,4289663.4904],[775566.9924,4289687.876],[775576.3029,4289682.0908],[775601.5971,4289683.5725],[775604.6663,4289688.2291],[775608.3705,4289693.0975],[775610.2755,4289699.9767],[775611.7572,4289705.9033],[775612.0747,4289708.1258],[775611.9688,4289710.4542],[775611.7572,4289713.1],[775611.7678,4289714.0419],[775610.6565,4289716.529],[775608.1165,4289722.0324],[775606.5819,4289726.4245],[775604.3701,4289733.7134],[775630.5673,4289764.9373],[775635.6473,4289758.3756],[775643.479,4289752.4489],[775648.1357,4289749.1681],[775651.8399,4289749.3798],[775655.3324,4289750.0148],[775657.8724,4289750.7556],[775671.072,4289756.5032],[775680.0679,4289763.1178],[775688.7991,4289769.6001],[775691.445,4289771.7168],[775708.5106,4289779.522],[775720.8138,4289780.1835],[775726.6346,4289780.845],[775736.9534,4289783.3585],[775747.1669,4289786.3863],[775753.475,4289795.8895],[775754.766,4289795.9704],[775759.6269,4289796.0188],[775763.5165,4289795.8873],[775766.4082,4289795.6911],[775768.7178,4289795.4737],[775771.0803,4289795.1952],[775776.8856,4289794.2664],[775814.5158,4289787.1265],[775824.3304,4289785.2589],[775824.4115,4289785.2232],[775835.7534,4289783.065],[775836.5695,4289782.9061],[775842.9424,4289781.4202],[775849.2045,4289779.5206],[775855.3289,4289777.2156],[775861.2894,4289774.5149],[775867.0605,4289771.4302],[775868.9009,4289770.3412],[775868.9803,4289770.4501],[775889.0144,4289756.9318],[775912.5506,4289776.9715],[775936.5342,4289789.8803],[775991.4895,4289819.7547],[776058.9697,4289858.9637],[776091.5711,4289900.2353],[776131.8625,4289936.6397],[776151.4413,4289976.7383],[776158.0294,4289977.6908],[776167.9513,4289979.7546],[776179.4607,4289983.644],[776190.2557,4289988.9621],[776204.6226,4289998.4871],[776218.1958,4290016.1084],[776223.9902,4290025.554],[776227.4253,4290032.0584],[776233.18,4290047.6821],[776235.1909,4290055.9371],[776236.2889,4290058.5168],[776239.1993,4290064.073],[776239.3316,4290066.9835],[776239.8608,4290074.1272],[776238.8024,4290089.6054],[776236.1301,4290108.0072],[776228.0339,4290133.1691],[776221.0489,4290127.6129],[776222.0014,4290134.836],[776223.9064,4290144.1229],[776226.9226,4290153.1717],[776234.2158,4290168.6383]]},"geometry_name":"shape","properties":{"layer":"0805DPMT","idtramo":3007,"provincia":"Alicante","referencia":"DES01/15/03/0005","tm":"Benitachell","estado":"A","om":"2017-08-23Z","sit_admin":"Aprobado (O.M. 24/08/2017)","tipo_linea":"Límite SP aprobada","label":"DES01/15/03/0005 (O.M. 24/08/2017)","figura":null,"id_segment":"3007002","vertices":"SI","shape_leng":3372.78426947},"bbox":[774306.6176,4288087.2145,776239.8608,4290168.6383]},{"type":"Feature","id":"dominio_publico_maritimo_terrestre.fid--5635244b_1a0dee0381f_60e7","geometry":{"type":"LineString","coordinates":[[776320.851,4290118.6582],[776338.016,4290075.5558],[776329.2986,4290056.8126],[776288.8622,4290014.7957],[776264.7248,4289965.3866],[776239.8467,4289930.7676],[776213.6028,4289875.7219],[776164.8397,4289831.663],[776125.6525,4289782.0541],[776040.4993,4289732.5764],[775968.6399,4289693.5126],[775932.8347,4289662.7282],[775871.8684,4289647.9057]]},"geometry_name":"shape","properties":{"layer":"0803DPMT","idtramo":3007,"provincia":"Alicante","referencia":"DES01/15/03/0005","tm":"Benitachell","estado":"A","om":"2017-08-23Z","sit_admin":"Aprobado (O.M. 24/08/2017)","tipo_linea":"Límite RM aprobada","label":"DES01/15/03/0005 (O.M. 24/08/2017)","figura":null,"id_segment":"3007003","vertices":"SI","shape_leng":703.157685186},"bbox":[775871.8684,4289647.9057,776338.016,4290118.6582]},{"type":"Feature","id":"dominio_publico_maritimo_terrestre.fid--5635244b_1a0dee0381f_60e8","geometry":{"type":"LineString","coordinates":[[771290.4963,4302883.1914],[771303.3636,4302872.995],[771310.0257,4302868.1586],[771319.6136,4302863.3901],[771328.3733,4302858.7748],[771332.9805,4302856.7513],[771337.576,4302854.9354],[771362.5565,4302846.8635],[771407.9469,4302832.6295],[771443.0575,4302820.3763],[771446.7715,4302819.2322],[771453.6238,4302817.3167],[771462.1999,4302815.2332],[771470.9392,4302813.4376],[771492.9956,4302809.8756],[771536.3857,4302803.5885],[771550.0712,4302801.9195],[771560.5144,4302800.9109],[771580.6168,4302799.55],[771590.9124,4302799.854],[771655.8381,4302803.0799],[771692.9986,4302804.9385],[771708.3493,4302806.172],[771713.4408,4302807.2548],[771717.18,4302808.4418],[771721.2232,4302810.058],[771731.0376,4302815.7132],[771742.0923,4302822.7627],[771749.5716,4302828.6349],[771762.1404,4302842.0157],[771768.0434,4302849.0192],[771791.3884,4302874.8969],[771820.1568,4302904.8327],[771826.7342,4302910.2102],[771849.6925,4302923.7391],[771860.6437,4302931.7271],[771867.3715,4302939.7578],[771896.617,4302977.8088],[771901.0323,4302981.5503],[771910.0411,4302987.1212],[771916.5585,4302990.5842],[771922.8609,4302982.3539],[771923.3407,4302981.5787],[771925.6849,4302979.2565],[771928.3756,4302977.3468],[771931.3412,4302975.9003],[771934.5027,4302974.9558],[771937.7757,4302974.5384],[771941.0729,4302974.6591],[771944.3065,4302975.3149],[771947.3903,4302976.4882],[771950.2419,4302978.1477],[771967.1312,4302990.0185],[771969.4209,4302991.8957],[771971.4084,4302994.0905],[771973.0501,4302996.5546],[771974.3101,4302999.2341],[771975.2211,4303001.9406],[771979.6234,4303027.239],[771981.5063,4303030.9754],[772003.854,4303036.5702],[772020.0749,4303030.5465],[772022.3437,4303029.854],[772024.6785,4303029.4349],[772027.0465,4303029.2953],[772033.2946,4303029.2781],[772042.1883,4303026.6751],[772045.4972,4303025.998],[772048.8729,4303025.8874],[772052.2191,4303026.3462],[772055.3936,4303025.5204],[772058.6603,4303025.2245],[772062.0418,4303025.4836],[772065.8979,4303024.0539],[772073.0968,4303015.0356],[772075.1295,4303010.7297],[772076.451,4303008.3611],[772078.0807,4303006.1931],[772079.9887,4303004.2654],[772086.3534,4302998.653],[772088.4686,4302997.0252],[772090.7817,4302995.6934],[772093.2514,4302994.6815],[772101.2019,4302992.0138],[772104.0385,4302991.3068],[772106.945,4302990.9937],[772123.256,4302990.5236],[772126.4946,4302990.6906],[772129.6635,4302991.3788],[772132.6796,4302992.57],[772135.4635,4302994.233],[772137.9421,4302996.324],[772140.0503,4302998.7881],[772142.3472,4303001.9383],[772144.0567,4303001.6438],[772145.8488,4303001.4226],[772216.7841,4302995.9171],[772227.3906,4302991.3003],[772230.5698,4302990.2318],[772233.8829,4302989.7095],[772237.2366,4302989.7482],[772240.5366,4302990.3467],[772243.6903,4302991.4882],[772246.6088,4302993.1407],[772249.2102,4302995.2575],[772251.4213,4302997.7794],[772254.1484,4303001.4697],[772264.3693,4302996.9362],[772281.0431,4302988.9143],[772282.6523,4302988.2251],[772284.3155,4302987.6793],[772316.1326,4302978.7591],[772317.1999,4302978.4913],[772345.718,4302972.1643],[772367.8426,4302957.2023],[772370.1067,4302955.8044],[772372.5636,4302954.7743],[772375.1355,4302954.08],[772377.7799,4302953.7793],[772427.1414,4302950.5863],[772428.3927,4302950.1752],[772494.736,4302911.4912],[772494.3507,4302909.3142],[772494.1258,4302907.4949],[772492.2024,4302891.9304],[772491.9404,4302889.8107],[772492.1732,4302887.33],[772492.5631,4302883.1763],[772493.2294,4302879.8015],[772494.4639,4302876.5907],[772496.2303,4302873.6388],[772504.3837,4302862.3459],[772506.4841,4302859.8839],[772508.9539,4302857.7929],[772522.1948,4302848.3088],[772535.0428,4302839.106],[772537.4959,4302837.6034],[772540.1393,4302836.4681],[772542.9181,4302835.7238],[772545.7749,4302835.3858],[772570.5071,4302834.2524],[772576.1629,4302834.1397],[772613.1503,4302835.4477],[772634.2531,4302836.194],[772634.8083,4302835.6608],[772667.7875,4302836.9737],[772686.234,4302820.3353],[772688.2176,4302818.5462],[772689.3306,4302817.5423],[772693.0536,4302816.2484],[772714.3893,4302808.8336],[772716.478,4302808.1076],[772718.6068,4302807.8561],[772734.9665,4302805.9231],[772737.4209,4302805.6301],[772740.9058,4302805.5288],[772744.3553,4302806.0341],[772747.6647,4302807.1308],[772750.7333,4302808.7854],[772753.468,4302810.9478],[772755.7856,4302813.5523],[772757.7014,4302816.5361],[772764.7128,4302816.4468],[772767.2024,4302816.4421],[772769.4902,4302816.9754],[772810.1538,4302826.5254],[772832.9473,4302813.667],[772853.611,4302802.0101],[772855.174,4302801.4491],[772885.3597,4302790.6123],[772887.8418,4302789.9004],[772902.5313,4302786.6999],[772905.3524,4302786.0847],[772906.8437,4302785.7595],[772911.154,4302786.7227],[772921.4952,4302789.0338],[772932.0491,4302784.529],[772934.2218,4302783.6103],[772936.5165,4302783.2158],[772956.8376,4302779.7225],[772958.4128,4302779.58],[773058.9562,4302770.4739],[773092.8389,4302756.4501],[773093.6201,4302756.1458],[773108.2252,4302750.806],[773111.548,4302749.9065],[773114.9759,4302749.5901],[773118.4071,4302749.8661],[773121.7402,4302750.7264],[773124.8764,4302752.1455],[773127.7227,4302754.0813],[773129.1664,4302755.2412],[773146.9105,4302755.4673],[773175.1973,4302753.0634],[773176.8483,4302750.4021],[773178.8945,4302748.0312],[773181.2855,4302746.0087],[773183.9629,4302744.3841],[773201.1501,4302735.7179],[773206.2754,4302728.3915],[773206.3734,4302727.8153],[773206.7662,4302709.3517],[773207.1314,4302705.9492],[773208.0711,4302702.6587],[773209.5578,4302699.5765],[773211.5481,4302696.7928],[773213.9837,4302694.389],[773216.7933,4302692.4355],[773235.5931,4302681.6996],[773238.6766,4302680.1907],[773241.9954,4302679.2942],[773245.4185,4302678.9792],[773248.845,4302679.2551],[773252.1737,4302680.1136],[773255.3061,4302681.5294],[773258.1498,4302683.4606],[773260.6938,4302685.7874],[773264.9127,4302690.6756],[773266.6171,4302688.6928],[773273.9562,4302683.1645],[773310.7147,4302634.694],[773315.5851,4302627.8982],[773335.5161,4302600.0864],[773337.0091,4302598.4865],[773341.3522,4302587.8339],[773342.0071,4302586.3948],[773361.1375,4302548.4155],[773371.7257,4302527.2854],[773374.578,4302516.3415],[773375.2292,4302514.2986],[773376.0953,4302512.3372],[773385.8228,4302493.1597],[773417.4844,4302436.9716],[773419.1058,4302434.0925],[773421.5039,4302431.9272],[773450.2194,4302406.0005],[773450.6086,4302405.6491],[773453.3535,4302403.1708],[773461.2023,4302396.7984],[773476.6229,4302386.3726],[773496.911,4302370.9387],[773500.0325,4302368.7239],[773501.3947,4302367.8382],[773507.0126,4302364.5021],[773509.1285,4302363.4105],[773511.359,4302362.5779],[773513.6727,4302362.0162],[773523.2183,4302360.2929],[773543.8246,4302359.8056],[773545.6774,4302359.8477],[773547.5183,4302360.061],[773559.1999,4302361.9668],[773586.6418,4302368.2907],[773589.6284,4302369.2304],[773592.4316,4302370.6247],[773594.983,4302372.4393],[773597.2199,4302374.6298],[773607.6849,4302386.6212],[773616.524,4302382.8055],[773619.1309,4302381.8881],[773621.8393,4302381.3388],[773624.5975,4302381.1679],[773639.2834,4302381.2746],[773658.0938,4302380.774],[773672.0307,4302380.4851],[773676.3415,4302379.6249],[773679.0536,4302378.6795],[773708.0579,4302366.5472],[773725.413,4302359.5213],[773753.0631,4302346.1011],[773776.0844,4302335.0812],[773779.8443,4302333.1436],[773780.4551,4302332.6959],[773781.9362,4302331.2842],[773785.4945,4302327.1379],[773795.5475,4302313.5159],[773810.2116,4302294.4626],[773811.1983,4302293.1863],[773811.6993,4302292.4553],[773808.251,4302279.5115],[773807.6567,4302276.1466],[773807.6438,4302272.7295],[773808.2128,4302269.3602],[773809.3471,4302266.1369],[773811.0135,4302263.1537],[773813.1634,4302260.4977],[773815.734,4302258.2465],[773818.6503,4302256.4657],[773832.1601,4302249.7274],[773835.2923,4302248.4825],[773838.5891,4302247.7813],[773841.9568,4302247.6436],[773845.2999,4302248.0735],[773848.5232,4302249.0586],[773849.671,4302249.5184],[773881.6354,4302187.7976],[773903.9755,4302150.8034],[773912.9019,4302120.992],[773920.0988,4302110.1958],[773945.9037,4302089.0427],[773960.978,4302087.0511],[773961.5489,4302086.7427],[774010.8484,4302060.1089],[774019.0085,4302053.6861],[774021.9207,4302051.7793],[774047.0669,4302038.2825],[774049.9551,4302037.0145],[774053.0066,4302036.2163],[774056.1456,4302035.9077],[774060.7206,4302035.8203],[774056.2008,4302008.82],[774055.9267,4302005.6483],[774056.1592,4302002.4733],[774056.8925,4301999.3753],[774058.108,4301996.4328],[774059.7749,4301993.7204],[774061.8509,4301991.3068],[774064.2836,4301989.253],[774067.0112,4301987.6112],[774069.9647,4301986.4229],[774081.5096,4301982.8153],[774084.6129,4301982.1107],[774087.7887,4301981.9072],[774090.9565,4301982.2099],[774112.6534,4301986.0438],[774112.808,4301979.7777],[774113.1532,4301976.5384],[774114.0196,4301973.398],[774115.3842,4301970.4399],[774117.2108,4301967.7425],[774119.4511,4301965.3773],[774122.0454,4301963.407],[774124.9252,4301961.884],[774128.0139,4301960.8485],[774137.3681,4301958.54],[774140.0843,4301958.0654],[774142.84,4301957.9689],[774161.3421,4301958.4646],[774176.2982,4301939.5617],[774178.5363,4301937.1176],[774181.1473,4301935.0764],[774200.3463,4301922.4813],[774199.7039,4301919.3954],[774199.3182,4301916.4886],[774199.3617,4301913.5565],[774199.8334,4301910.6623],[774200.7231,4301907.8681],[774202.0117,4301905.234],[774203.6716,4301902.8166],[774206.7875,4301898.9331],[774208.9958,4301896.514],[774211.5693,4301894.4878],[774214.4391,4301892.9089],[774217.5281,4301891.8195],[774220.7535,4301891.249],[774224.0287,4301891.2125],[774227.266,4301891.7111],[774230.3784,4301892.7314],[774233.2826,4301894.2461],[774235.9007,4301896.2145],[774259.7391,4301874.2271],[774270.8126,4301810.214],[774271.3587,4301807.8919],[774272.1772,4301805.6513],[774273.2567,4301803.524],[774283.359,4301786.2517],[774262.3936,4301774.0491],[774286.1592,4301742.5688],[774235.3524,4301709.8526],[774260.7495,4301666.4301],[774265.4486,4301659.1405],[774270.7616,4301652.2854],[774276.6483,4301645.9163],[774283.0646,4301640.081],[774284.2763,4301631.6644],[774286.1125,4301623.3617],[774288.563,4301615.219],[774291.614,4301607.2817],[774295.1196,4301599.8431],[774305.937,4301580.1653],[774309.0906,4301563.0193],[774311.0927,4301554.331],[774313.8605,4301545.8554],[774317.3722,4301537.6599],[774321.5997,4301529.8096],[774326.5094,4301522.367],[774332.0624,4301515.3911],[774338.2145,4301508.9375],[774344.9169,4301503.0573],[774352.1163,4301497.7973],[774359.7554,4301493.1993],[774367.7735,4301489.2999],[774376.107,4301486.13],[774384.6897,4301483.7148],[774404.7684,4301479.0194],[774408.6626,4301471.8202],[774413.1327,4301464.9638],[774418.1488,4301458.4962],[774423.6772,4301452.4606],[774429.6809,4301446.8975],[774436.1197,4301441.8444],[774442.9502,4301437.335],[774450.1268,4301433.3996],[774457.6013,4301430.0646],[774465.3236,4301427.3524],[774499.5043,4301416.8955],[774507.4247,4301414.8228],[774515.488,4301413.4048],[774523.6403,4301412.6511],[774531.8268,4301412.5666],[774539.9928,4301413.152],[774548.0835,4301414.4034],[774556.0447,4301416.3122],[774563.823,4301418.8659],[774601.1546,4301396.5503],[774618.4423,4301382.6485],[774666.8034,4301343.823],[774673.3069,4301339.0207],[774680.177,4301334.7594],[774687.3688,4301331.0668],[774694.8352,4301327.967],[774702.5276,4301325.4804],[774716.4503,4301321.5936],[774717.883,4301319.3693],[774722.7354,4301312.4902],[774728.149,4301306.0435],[774734.0855,4301300.0749],[774740.5028,4301294.6265],[774747.3555,4301289.7371],[774754.5951,4301285.4411],[774762.1701,4301281.7692],[774770.0271,4301278.7472],[774770.7449,4301278.5053],[774774.4698,4301275.115],[774780.4822,4301270.0597],[774786.8728,4301265.4919],[774793.602,4301261.4396],[774812.3209,4301251.1464],[774821.0968,4301235.1692],[774825.4704,4301227.947],[774830.4376,4301221.1193],[774835.9628,4301214.7348],[774842.0068,4301208.839],[774848.5265,4301203.474],[774855.4753,4301198.6779],[774862.8039,4301194.485],[774870.46,4301190.925],[774878.3889,4301188.0235],[774888.0711,4301185.4802],[774898.4005,4301183.8548],[774920.1035,4301183.9422],[774920.3663,4301183.9722]]},"geometry_name":"shape","properties":{"layer":"0805DPMT","idtramo":3002,"provincia":"Alicante","referencia":"DES01/09/03/0006","tm":"Denia","estado":"A","om":"2016-10-25Z","sit_admin":"Aprobado (O.M. 26/10/2016)","tipo_linea":"Límite SP aprobada","label":"DES01/09/03/0006 (O.M. 26/10/2016)","figura":null,"id_segment":"3002012","vertices":"SI","shape_leng":4886.96409205},"bbox":[771290.4963,4301183.8548,774920.3663,4303036.5702]},{"type":"Feature","id":"dominio_publico_maritimo_terrestre.fid--5635244b_1a0dee0381f_60e9","geometry":{"type":"LineString","coordinates":[[770842.1026,4303175.2571],[770840.0593,4303165.9724],[770839.632,4303162.9411],[770839.6724,4303159.8801],[770840.1795,4303156.8611],[770841.1413,4303153.9549],[770842.5354,4303151.2296],[770844.3292,4303148.7489],[770846.4804,4303146.571],[770854.319,4303139.766],[770994.9112,4303020.7254],[770997.7493,4303018.7182],[771000.8921,4303017.2328],[771094.5548,4302982.5622],[771105.8072,4302978.5702],[771126.2049,4302964.3087],[771169.3389,4302933.7316],[771175.7264,4302929.0198],[771182.2656,4302924.6535],[771188.838,4302920.6771],[771207.0182,4302911.5098],[771221.9393,4302904.0838],[771233.911,4302898.4877],[771240.1802,4302896.4602],[771246.079,4302895.0415],[771251.9064,4302894.0778],[771264.0611,4302892.8278],[771271.0653,4302891.9879]]},"geometry_name":"shape","properties":{"layer":"0805DPMT","idtramo":3002,"provincia":"Alicante","referencia":"DES01/09/03/0006","tm":"Denia","estado":"A","om":"2016-10-25Z","sit_admin":"Aprobado (O.M. 26/10/2016)","tipo_linea":"Límite SP aprobada","label":"DES01/09/03/0006 (O.M. 26/10/2016)","figura":null,"id_segment":"3002011","vertices":"SI","shape_leng":533.622613256},"bbox":[770839.632,4302891.9879,771271.0653,4303175.2571]},{"type":"Feature","id":"dominio_publico_maritimo_terrestre.fid--5635244b_1a0dee0381f_60ea","geometry":{"type":"LineString","coordinates":[[773832.112,4302291.386],[773830.6452,4302300.7315],[773830.6407,4302300.7373],[773811.531,4302325.5435],[773801.1525,4302339.6067],[773796.4625,4302345.0717],[773793.3201,4302348.0669],[773790.4011,4302350.2058],[773784.9852,4302352.9969],[773761.7474,4302364.1204],[773733.5412,4302377.8106],[773715.6695,4302385.0455],[773686.2107,4302397.368],[773681.6148,4302398.9701],[773674.2105,4302400.4476],[773658.5656,4302400.7719],[773639.4753,4302401.28],[773624.4506,4302401.1708]]},"geometry_name":"shape","properties":{"layer":"0803DPMT","idtramo":3002,"provincia":"Alicante","referencia":"DES01/09/03/0006","tm":"Denia","estado":"A","om":"2016-10-25Z","sit_admin":"Aprobado (O.M. 26/10/2016)","tipo_linea":"Límite RM aprobada","label":"DES01/09/03/0006 (O.M. 26/10/2016)","figura":null,"id_segment":"3002003","vertices":"SI","shape_leng":250.02966255},"bbox":[773624.4506,4302291.386,773832.112,4302401.28]},{"type":"Feature","id":"dominio_publico_maritimo_terrestre.fid--5635244b_1a0dee0381f_60eb","geometry":{"type":"LineString","coordinates":[[773555.338,4302381.6049],[773544.2959,4302379.8034],[773525.2422,4302380.254],[773517.2249,4302381.7014]]},"geometry_name":"shape","properties":{"layer":"0803DPMT","idtramo":3002,"provincia":"Alicante","referencia":"DES01/09/03/0006","tm":"Denia","estado":"A","om":"2016-10-25Z","sit_admin":"Aprobado (O.M. 26/10/2016)","tipo_linea":"Límite RM aprobada","label":"DES01/09/03/0006 (O.M. 26/10/2016)","figura":null,"id_segment":"3002004","vertices":"SI","shape_leng":38.3940234208},"bbox":[773517.2249,4302379.8034,773555.338,4302381.7014]},{"type":"Feature","id":"dominio_publico_maritimo_terrestre.fid--5635244b_1a0dee0381f_60ec","geometry":{"type":"LineString","coordinates":[[773466.367,4302418.367],[773473.1292,4302412.8768],[773487.8248,4302402.9412],[773511.607,4302385.0374]]},"geometry_name":"shape","properties":{"layer":"0803DPMT","idtramo":3002,"provincia":"Alicante","referencia":"DES01/09/03/0006","tm":"Denia","estado":"A","om":"2016-10-25Z","sit_admin":"Aprobado (O.M. 26/10/2016)","tipo_linea":"Límite RM aprobada","label":"DES01/09/03/0006 (O.M. 26/10/2016)","figura":null,"id_segment":"3002005","vertices":"SI","shape_leng":56.2175388456},"bbox":[773466.367,4302385.0374,773511.607,4302418.367]},{"type":"Feature","id":"dominio_publico_maritimo_terrestre.fid--5635244b_1a0dee0381f_60ed","geometry":{"type":"LineString","coordinates":[[773351.017,4302612.79],[773354.1357,4302609.448],[773359.8716,4302595.3924],[773382.816,4302549.8416],[773390.5545,4302534.3534],[773393.9345,4302521.3851],[773403.4807,4302502.597]]},"geometry_name":"shape","properties":{"layer":"0803DPMT","idtramo":3002,"provincia":"Alicante","referencia":"DES01/09/03/0006","tm":"Denia","estado":"A","om":"2016-10-25Z","sit_admin":"Aprobado (O.M. 26/10/2016)","tipo_linea":"Límite RM aprobada","label":"DES01/09/03/0006 (O.M. 26/10/2016)","figura":null,"id_segment":"3002006","vertices":"SI","shape_leng":122.544787007},"bbox":[773351.017,4302502.597,773403.4807,4302612.79]},{"type":"Feature","id":"dominio_publico_maritimo_terrestre.fid--5635244b_1a0dee0381f_60ee","geometry":{"type":"LineString","coordinates":[[773261.761,4302717.568],[773270.6603,4302714.6741],[773280.2942,4302703.4716]]},"geometry_name":"shape","properties":{"layer":"0803DPMT","idtramo":3002,"provincia":"Alicante","referencia":"DES01/09/03/0006","tm":"Denia","estado":"A","om":"2016-10-25Z","sit_admin":"Aprobado (O.M. 26/10/2016)","tipo_linea":"Límite RM aprobada","label":"DES01/09/03/0006 (O.M. 26/10/2016)","figura":null,"id_segment":"3002007","vertices":"SI","shape_leng":24.133252576},"bbox":[773261.761,4302703.4716,773280.2942,4302717.568]},{"type":"Feature","id":"dominio_publico_maritimo_terrestre.fid--5635244b_1a0dee0381f_60ef","geometry":{"type":"LineString","coordinates":[[772642.536,4302855.9682],[772642.0024,4302856.4806],[772612.2418,4302855.7655],[772575.456,4302854.1272],[772571.259,4302854.242],[772546.6893,4302855.3679],[772534.2661,4302864.5086],[772520.6004,4302874.0547]]},"geometry_name":"shape","properties":{"layer":"0803DPMT","idtramo":3002,"provincia":"Alicante","referencia":"DES01/09/03/0006","tm":"Denia","estado":"A","om":"2016-10-25Z","sit_admin":"Aprobado (O.M. 26/10/2016)","tipo_linea":"Límite RM aprobada","label":"DES01/09/03/0006 (O.M. 26/10/2016)","figura":null,"id_segment":"3002008","vertices":"SI","shape_leng":128.218635051},"bbox":[772520.6004,4302854.1272,772642.536,4302874.0547]},{"type":"Feature","id":"dominio_publico_maritimo_terrestre.fid--5635244b_1a0dee0381f_60f0","geometry":{"type":"LineString","coordinates":[[772431.028,4302970.41],[772436.6252,4302968.5291],[772514.7867,4302922.9542],[772515.866,4302920.345],[772515.4317,4302913.6149],[772514.1342,4302906.3318]]},"geometry_name":"shape","properties":{"layer":"0803DPMT","idtramo":3002,"provincia":"Alicante","referencia":"DES01/09/03/0006","tm":"Denia","estado":"A","om":"2016-10-25Z","sit_admin":"Aprobado (O.M. 26/10/2016)","tipo_linea":"Límite RM aprobada","label":"DES01/09/03/0006 (O.M. 26/10/2016)","figura":null,"id_segment":"3002009","vertices":"SI","shape_leng":113.348397007},"bbox":[772431.028,4302906.3318,772515.866,4302970.41]},{"type":"Feature","id":"dominio_publico_maritimo_terrestre.fid--5635244b_1a0dee0381f_60f1","geometry":{"type":"LineString","coordinates":[[771100.81,4303001.573],[771115.3141,4302996.4167],[771137.7549,4302980.6386],[771181.0595,4302949.9407],[771196.7597,4302938.6126],[771242.7345,4302916.0613],[771256.8799,4302912.9627],[771276.4157,4302911.4586],[771276.4532,4302911.454],[771282.2909,4302909.9522],[771287.7775,4302907.819],[771294.5695,4302904.2165],[771301.9837,4302899.5108],[771320.4252,4302885.3258],[771338.0642,4302875.8062],[771414.235,4302851.6204],[771458.3173,4302836.2625],[771495.9534,4302829.1828],[771552.3305,4302821.4756],[771580.9889,4302819.4312],[771654.8443,4302823.0581],[771706.9688,4302825.8459],[771711.2634,4302827.1407],[771730.511,4302839.1017],[771736.0288,4302843.4338],[771746.9723,4302854.9654],[771776.7478,4302888.5305],[771806.5665,4302919.5593],[771815.2592,4302926.6662],[771838.6948,4302940.4764],[771848.0819,4302947.6262],[771882.0579,4302991.6908],[771889.2409,4302997.7775],[771899.8858,4303004.3602],[771919.3896,4303014.8678],[771921.6332,4303015.9545],[771929.3419,4303006.7863]]},"geometry_name":"shape","properties":{"layer":"0803DPMT","idtramo":3002,"provincia":"Alicante","referencia":"DES01/09/03/0006","tm":"Denia","estado":"A","om":"2016-10-25Z","sit_admin":"Aprobado (O.M. 26/10/2016)","tipo_linea":"Límite RM aprobada","label":"DES01/09/03/0006 (O.M. 26/10/2016)","figura":null,"id_segment":"3002010","vertices":"SI","shape_leng":951.344570754},"bbox":[771100.81,4302819.4312,771929.3419,4303015.9545]},{"type":"Feature","id":"dominio_publico_maritimo_terrestre.fid--5635244b_1a0dee0381f_60f2","geometry":{"type":"LineString","coordinates":[[770859.5918,4303161.6737],[770884.4814,4303274.7689],[770845.2456,4303297.9554],[770582.6396,4303382.0389],[770468.6627,4303483.6993],[770495.5302,4303513.8721],[770451.3698,4303559.748],[770425.845,4303586.2643],[770418.45,4303577.1266],[770394.1461,4303595.9842],[770367.8181,4303624.1186],[770402.794,4303661.373],[770282.8566,4303769.1201],[770246.4609,4303801.4483],[770261.1314,4303816.6627],[770215.5915,4303864.628],[770196.3867,4303846.6642],[770071.1866,4303958.6301],[770041.6309,4304033.9316],[770009.3292,4304116.2287],[769873.8086,4304237.4273],[769880.59,4304244.9397],[769858.5119,4304264.6952],[769831.1342,4304286.2425],[769765.4143,4304337.9664],[769744.364,4304357.1262],[769729.0781,4304364.6473],[769696.3237,4304370.7121],[769664.1348,4304381.7106],[769653.0441,4304386.12],[769637.3998,4304383.2493],[769607.1942,4304383.6353],[769598.7482,4304384.7006],[769407.1671,4304438.2908],[769394.5794,4304440.7048],[769367.1248,4304443.2211],[769265.2401,4304439.488],[769236.7626,4304441.1264],[769211.0848,4304445.3809],[769210.5968,4304440.4861]]},"geometry_name":"shape","properties":{"layer":"0803DPMT","idtramo":3002,"provincia":"Alicante","referencia":"DES01/09/03/0006","tm":"Denia","estado":"A","om":"2016-10-25Z","sit_admin":"Aprobado (O.M. 26/10/2016)","tipo_linea":"Límite RM aprobada","label":"DES01/09/03/0006 (O.M. 26/10/2016)","figura":null,"id_segment":"3002002","vertices":"SI","shape_leng":2443.78672002},"bbox":[769210.5968,4303161.6737,770884.4814,4304445.3809]},{"type":"Feature","id":"dominio_publico_maritimo_terrestre.fid--5635244b_1a0dee0381f_60f3","geometry":{"type":"LineString","coordinates":[[768717.7154,4304910.9164],[768774.6179,4304870.6299],[768777.7695,4304877.3214],[768780.9638,4304875.0494],[768804.4056,4304860.1855],[768896.51,4304801.13],[768892.6191,4304793.6813],[768899.6115,4304778.9937],[768914.5827,4304771.1613],[768918.5635,4304773.5275],[768950.263,4304752.303],[768992.0958,4304704.5406],[769044.465,4304635.194],[769068.2779,4304583.7537],[769076.5905,4304562.7017],[769082.7404,4304514.9971],[769070.1387,4304478.0858],[769146.8233,4304455.0688],[769210.5968,4304440.4861],[769245.5279,4304432.4986],[769315.908,4304429.1122],[769383.3718,4304439.5658],[769596.7365,4304380.441],[769629.0008,4304363.1008],[769653.4782,4304349.9472],[769670.5468,4304341.8795],[769731.4108,4304289.7369],[769788.8328,4304222.2934],[769805.5239,4304224.5243],[769844.5893,4304200.2401],[769922.7991,4304109.9581],[769933.3437,4304122.6183],[769954.1695,4304106.9216],[769947.57,4304099.1147],[769974.2324,4304073.7762],[769948.8029,4304047.0557],[769968.8084,4304020.931],[769939.8285,4303997.2112],[769969.406,4303963.574],[770159.7587,4303813.7813],[770125.3057,4303799.7943],[770180.4639,4303753.5018],[770190.8067,4303744.8227],[770176.3364,4303734.1151],[770190.2571,4303715.302],[770210.2892,4303727.3646],[770304.7752,4303605.111],[770335.8524,4303564.3037],[770345.9372,4303546.9973],[770353.4944,4303528.4309],[770359.7966,4303512.9393],[770368.4794,4303491.5902],[770383.0946,4303473.1377],[770425.9934,4303418.93],[770437.5429,4303406.5498],[770449.5147,4303395.6707],[770490.749,4303358.212],[770554.9352,4303301.7263],[770573.1086,4303286.9255],[770592.6918,4303273.8511],[770637.0583,4303244.2257],[770738.0366,4303229.1399],[770772.0552,4303217.0854],[770842.1026,4303175.2571],[770848.0061,4303171.7318],[770859.5918,4303161.6737],[770867.3371,4303154.9497],[770942.8027,4303091.0524],[771007.835,4303035.989],[771100.81,4303001.573],[771195.6799,4302936.5857],[771204.8563,4302928.5546],[771271.0653,4302891.9879],[771284.107,4302884.785],[771290.4963,4302883.1914],[771302.081,4302880.302],[771342.427,4302866.888],[771375.745,4302856.926],[771399.635,4302849.515],[771427.886,4302840.122],[771457.2689,4302829.4923],[771484.4389,4302824.869],[771514.0746,4302820.2897],[771539.311,4302816.7822],[771561.4567,4302814.259],[771581.512,4302812.137],[771582.4572,4302809.7821],[771587.5188,4302813.0669],[771712.182,4302819.056],[771738.6675,4302835.8426],[771816.9734,4302914.197],[771827.342,4302926.101],[771855.883,4302938.311],[771877.684,4302964.504],[771899.6149,4302991.4126],[771914.184,4302998.833],[771929.3419,4303006.7863],[771938.7401,4302994.5134],[771955.629,4303006.3842],[771960.44,4303033.614],[771966.141,4303044.927],[771968.923,4303048.576],[771975.444,4303052.631],[771983.704,4303054.644],[771983.966,4303052.2117],[771995.194,4303055.024],[771998.8184,4303059.7791],[772001.8974,4303060.98],[772006.5823,4303058.2823],[772011.1544,4303055.1963],[772027.0369,4303049.2982],[772036.193,4303049.268],[772047.8369,4303045.8635],[772049.535,4303047.05],[772058.8246,4303045.2275],[772063.7632,4303046.1757],[772078.036,4303040.884],[772090.1259,4303025.8166],[772093.2172,4303019.2683],[772099.5819,4303013.6559],[772107.534,4303010.985],[772123.8473,4303010.5178],[772133.501,4303023.737],[772147.3986,4303021.3654],[772221.682,4303015.597],[772235.3284,4303009.6603],[772247.605,4303026.247],[772272.7497,4303015.1012],[772289.7131,4303006.9399],[772321.5309,4302998.0195],[772353.7901,4302990.8625],[772379.096,4302973.736],[772431.028,4302970.41],[772515.866,4302920.345],[772514.1342,4302906.3318],[772512.056,4302889.515],[772512.447,4302885.3476],[772520.6004,4302874.0547],[772526.3767,4302867.3937],[772546.6893,4302855.3679],[772575.663,4302853.273],[772642.536,4302855.9682],[772675.133,4302857.282],[772699.72,4302835.105],[772720.987,4302827.714],[772739.824,4302825.496],[772744.177,4302836.671],[772764.984,4302836.465],[772813.182,4302847.78],[772861.962,4302820.262],[772892.102,4302809.4443],[772906.7909,4302806.241],[772923.4185,4302809.957],[772939.8959,4302802.9282],[772959.437,4302799.569],[773063.7856,4302790.1233],[773100.4869,4302774.9328],[773115.092,4302769.593],[773122.034,4302775.152],[773147.8136,4302775.4804],[773179.0412,4302772.8109],[773188.6754,4302772.1677],[773193.8567,4302767.0628],[773192.9672,4302762.2453],[773214.717,4302751.261],[773225.2409,4302736.175],[773226.3399,4302729.7141],[773226.7641,4302709.7755],[773245.662,4302698.981],[773261.761,4302717.568],[773280.2942,4302703.4716],[773288.24,4302697.428],[773326.822,4302646.553],[773351.017,4302612.79],[773391.6901,4302523.5338],[773403.4807,4302502.597],[773434.931,4302446.75],[773466.367,4302418.367],[773470.7011,4302409.8355],[773475.9911,4302406.1871],[773511.607,4302385.0374],[773517.2249,4302381.7014],[773521.0994,4302379.4006],[773544.2101,4302379.0405],[773555.338,4302381.6049],[773582.1484,4302387.7832],[773602.2103,4302410.7714],[773624.4506,4302401.1708],[773638.029,4302395.3093],[773690.031,4302390.3139],[773733.3961,4302372.875],[773762.485,4302358.696],[773791.8499,4302343.9321],[773801.666,4302331.907],[773832.112,4302291.386],[773827.577,4302274.363],[773841.085,4302267.624],[773858.9647,4302274.7855],[773899.089,4302197.584],[773922.4406,4302158.8692],[773931.2059,4302129.596],[773935.0872,4302123.7737],[773954.1668,4302108.1281],[773967.2378,4302106.4012],[774021.8678,4302076.8911],[774031.3795,4302069.4044],[774056.5257,4302055.9075],[774079.7819,4302055.4637],[774082.3468,4302043.8509],[774075.9295,4302005.5159],[774087.4744,4302001.9083],[774132.0771,4302009.7896],[774132.8052,4301980.2693],[774142.1594,4301977.9609],[774170.815,4301978.724],[774192.1187,4301951.8018],[774225.7181,4301929.7596],[774219.6102,4301916.8676],[774219.2873,4301915.3168],[774222.613,4301911.1623],[774225.641,4301914.3134],[774234.1845,4301924.2056],[774237.2293,4301922.2081],[774278.2924,4301884.3255],[774290.5232,4301813.6224],[774347.0812,4301716.9232],[774377.6016,4301707.5914],[774382.7105,4301689.4725],[774382.7651,4301648.0201],[774401.3763,4301614.1642],[774407.465,4301581.0615],[774467.1003,4301567.1575],[774499.3079,4301602.6933],[774528.0982,4301582.0537],[774512.9858,4301567.5393],[774494.6608,4301522.9688],[774528.7568,4301512.5378],[774541.8352,4301522.2152],[774585.9238,4301522.1759],[774658.4211,4301478.8395],[774681.1151,4301460.5903],[774729.4136,4301421.8152],[774754.4714,4301414.8199],[774759.2984,4301417.6699],[774787.6353,4301395.7734],[774801.9649,4301373.5269],[774822.5548,4301366.5872],[774841.7887,4301349.0812],[774861.3903,4301338.3026],[774883.1031,4301330.0247],[774908.7587,4301283.3174]]},"geometry_name":"shape","properties":{"layer":"0801DPMT","idtramo":3002,"provincia":"Alicante","referencia":"DES01/09/03/0006","tm":"Denia","estado":"A","om":"2016-10-25Z","sit_admin":"Aprobado (O.M. 26/10/2016)","tipo_linea":"Límite DPMT aprobado","label":"DES01/09/03/0006 (O.M. 26/10/2016)","figura":null,"id_segment":"3002001","vertices":"SI","shape_leng":8594.15182367},"bbox":[768717.7154,4301283.3174,774908.7587,4304910.9164]},{"type":"Feature","id":"dominio_publico_maritimo_terrestre.fid--5635244b_1a0dee0381f_60f4","geometry":{"type":"LineString","coordinates":[[776455.5245,4298994.244],[776456.4834,4298972.6089],[776457.067,4298959.4399],[776427.5882,4298934.2078],[776380.0058,4298894.2116],[776379.4861,4298893.7748],[776365.332,4298868.349],[776361.3127,4298854.4769],[776359.55,4298848.393],[776349.9259,4298802.3921],[776351.082,4298782.9489],[776357.759,4298715.229]]},"geometry_name":"shape","properties":{"layer":"0801DPMT","idtramo":3049,"provincia":"Alicante","referencia":"DES01/13/03/0007-DES09/01","tm":"Jávea","estado":"T","om":null,"sit_admin":"Provisional o en tramitación","tipo_linea":"Límite DPMT provisional o en tramitación","label":"DES01/13/03/0007-DES09/01","figura":null,"id_segment":"3049001","vertices":"NO","shape_leng":320.878716976},"bbox":[776349.9259,4298715.229,776457.067,4298994.244]},{"type":"Feature","id":"dominio_publico_maritimo_terrestre.fid--5635244b_1a0dee0381f_60f5","geometry":{"type":"LineString","coordinates":[[776357.759,4298715.229],[776358.501,4298673.234],[776359.264,4298597.2378],[776356.766,4298534.9794],[776354.268,4298472.721],[776340.022,4298468.65],[776331.2838,4298466.3305],[776245.247,4298443.493],[776158.398,4298420.414],[776143.704,4298413.702],[776129.994,4298411.809],[776129.0072,4298404.4189],[776136.85,4298387.306],[776158.426,4298397.039],[776166.18,4298401.938],[776242.918,4298422.358],[776324.197,4298443.8466],[776336.325,4298447.053],[776340.8893,4298430.2749],[776349.5838,4298366.3762],[776354.829,4298326.826],[776361.4028,4298277.26],[776369.826,4298227.9746],[776383.584,4298178.416],[776397.586,4298131.134],[776420.3338,4298051.3074],[776443.593,4297978.325],[776470.4035,4297910.61],[776497.214,4297842.895],[776518.787,4297793.356],[776551.7085,4297731.029],[776584.63,4297668.702],[776614.505,4297604.612],[776644.013,4297541.601],[776676.6863,4297479.6292],[776708.602,4297410.093],[776741.912,4297353.922],[776777.415,4297302.279],[776822.938,4297232.764],[776875.4448,4297152.748],[776901.4159,4297115.3882],[776955.583,4297034.2703],[776971.3154,4296991.3135],[776978.343,4296966.34],[776986.472,4296952.655],[777018.434,4296912.996],[777050.396,4296873.337],[777090.3358,4296833.9701],[777130.2756,4296794.6032],[777120.4767,4296786.0207]]},"geometry_name":"shape","properties":{"layer":"0801DPMT","idtramo":3005,"provincia":"Alicante","referencia":"DES01/13/03/0007","tm":"Jávea","estado":"A","om":"2016-04-26Z","sit_admin":"Aprobado (O.M. 27/04/2016)","tipo_linea":"Límite DPMT aprobado","label":"DES01/13/03/0007 (O.M. 27/04/2016)","figura":null,"id_segment":"3005002","vertices":"SI","shape_leng":2584.61849792},"bbox":[776129.0072,4296786.0207,777130.2756,4298715.229]},{"type":"Feature","id":"dominio_publico_maritimo_terrestre.fid--5635244b_1a0dee0381f_60f6","geometry":{"type":"LineString","coordinates":[[777120.4767,4296786.0207],[777127.412,4296777.803],[777128.943,4296779.095],[777166.55,4296734.969],[777165.142,4296733.748],[777174.5905,4296722.3389]]},"geometry_name":"shape","properties":{"layer":"0801DPMT","idtramo":3052,"provincia":"Alicante","referencia":"DES01/13/03/0007-DES04/01","tm":"Jávea","estado":"A","om":"2019-09-25Z","sit_admin":"Aprobado (O.M. 26/09/2019)","tipo_linea":"Límite DPMT aprobado","label":"DES01/13/03/0007-DES04/01 (O.M. 26/09/2019)\r\n","figura":null,"id_segment":"3052001","vertices":"NO","shape_leng":87.411139316},"bbox":[777120.4767,4296722.3389,777174.5905,4296786.0207]}],"totalFeatures":45,"numberMatched":45,"numberReturned":45,"timeStamp":"2026-09-26T18:45:27.772Z","crs":{"type":"name","properties":{"name":"urn:ogc:def:crs:EPSG::25830"}},"bbox":[768717.7154,4288040.9057,780986.719,4304910.9164]}